vcpu,ram_gb,nodes,dataset,task,target_cost,target_runtime,instance_type
4,3.6,3,buzz,logistic_regression,0.0245829703769683,188.85764694213867,n1-highcpu-4
2,1.8,3,buzz,standard_scaler,0.000558024197479,8.573995351791382,n1-highcpu-2
2,7.5,4,creditcard,poisson_regression,0.006501866920789,55.943405628204346,n1-standard-2
2,13.0,3,santander,kmeans,0.0124379801447788,114.54778337478638,n1-highmem-2
4,26.0,3,santander,quantile_transformer,0.0169278096856673,77.94847130775452,n1-highmem-4
2,1.8,5,santander,quantile_transformer,0.0084462304977244,77.86537718772888,n1-highcpu-2
2,7.5,4,buzz,logistic_regression,0.016370436445554,140.85461568832395,n1-standard-2
2,13.0,4,creditcard,standard_scaler,0.0006835356469419,4.721274614334106,n1-highmem-2
4,16.0,4,buzz,logistic_regression,0.0218104807977676,133.04481983184814,e2-standard-4
2,16.0,2,buzz,xgboost,0.0032364030281119,58.53975772857666,e2-highmem-2
2,1.8,2,buzz,quantile_transformer,0.0015452539407014,35.61404728889465,n1-highcpu-2
4,16.0,2,buzz,polynomial_features,0.0040966890768845,49.97993993759155,e2-standard-4
2,7.5,4,creditcard,standard_scaler,0.0006370587446954,5.481384992599487,n1-standard-2
2,16.0,3,creditcard,spectral_clustering,0.0073221555767178,88.29498052597046,e2-highmem-2
4,3.6,5,buzz,xgboost,0.020771496789654,95.74569582939148,n1-highcpu-4
2,13.0,3,creditcard,naive_bayes,0.000707390035212,6.51472020149231,n1-highmem-2
2,13.0,3,creditcard,quantile_transformer,0.0013823713560501,12.730971813201904,n1-highmem-2
4,26.0,5,creditcard,quantile_transformer,0.004364380249381,12.058149576187134,n1-highmem-4
2,13.0,3,creditcard,spectral_clustering,0.0090679111288984,83.51107716560364,n1-highmem-2
2,1.8,4,buzz,xgboost,0.003440789772484,39.65058636665344,n1-highcpu-2
4,15.0,4,santander,quantile_transformer,0.0143472634996838,61.723408937454224,n1-standard-4
2,13.0,2,creditcard,kmeans,0.0010124941373136,13.98687219619751,n1-highmem-2
2,7.5,5,creditcard,kmeans,0.0022604239143265,15.55932331085205,n1-standard-2
4,26.0,4,santander,naive_bayes,0.0056575718171331,19.53881287574768,n1-highmem-4
2,16.0,2,buzz,logistic_regression,0.0194246202865301,351.3507297039032,e2-highmem-2
2,16.0,3,creditcard,xgboost,0.0016637181912529,20.06212019920349,e2-highmem-2
2,8.0,5,creditcard,kmeans,0.0013611885005434,13.285288333892822,e2-standard-2
4,15.0,4,creditcard,linear_regression,0.0159758862214618,68.7299120426178,n1-standard-4
4,16.0,4,buzz,naive_bayes,0.0010175376422723,6.207020998001099,e2-standard-4
2,8.0,5,creditcard,spectral_clustering,0.0068854972932835,67.20290160179138,e2-standard-2
4,16.0,3,santander,quantile_transformer,0.0074225695772647,60.37063503265381,e2-standard-4
4,15.0,5,santander,linear_regression,0.0181577265120877,62.49313139915466,n1-standard-4
2,16.0,3,santander,logistic_regression,0.0217790889131581,262.625426530838,e2-highmem-2
2,8.0,4,creditcard,kmeans,0.0010258114348808,12.51498293876648,e2-standard-2
4,16.0,2,santander,standard_scaler,0.0011502587717453,14.03325057029724,e2-standard-4
2,2.0,3,creditcard,naive_bayes,0.0003334064425063,7.346181392669678,e2-highcpu-2
2,16.0,4,buzz,xgboost,0.0042814167125135,38.72093415260315,e2-highmem-2
2,7.5,4,creditcard,quantile_transformer,0.0013355779076682,11.49158811569214,n1-standard-2
4,15.0,5,santander,naive_bayes,0.0047550248673227,16.365286350250244,n1-standard-4
4,32.0,5,santander,xgboost,0.0160782450571113,58.16436100006104,e2-highmem-4
2,8.0,4,creditcard,logistic_regression,0.0030828973954518,37.61159896850586,e2-standard-2
2,1.8,5,santander,logistic_regression,0.0164624517117275,151.76652026176453,n1-highcpu-2
4,3.6,4,santander,poisson_regression,0.0537898954985406,309.9289753437042,n1-highcpu-4
2,16.0,5,creditcard,kmeans,0.0019288717559165,13.955701351165771,e2-highmem-2
2,7.5,3,buzz,linear_regression,0.0400662976859807,459.6515986919403,n1-standard-2
4,32.0,4,buzz,kmeans,0.0057787733415169,26.131479024887085,e2-highmem-4
4,3.6,4,santander,kmeans,0.015720392211861,90.57844424247742,n1-highcpu-4
4,26.0,2,creditcard,quantile_transformer,0.0025914309366808,17.899369478225708,n1-highmem-4
2,7.5,3,creditcard,standard_scaler,0.0006854632534583,7.863823175430298,n1-standard-2
2,1.8,3,creditcard,spectral_clustering,0.0067212397484381,103.2712893486023,n1-highcpu-2
4,3.6,2,creditcard,kmeans,0.0019085125864611,21.99310278892517,n1-highcpu-4
2,8.0,2,santander,standard_scaler,0.0007455749815662,18.19215083122253,e2-standard-2
2,2.0,2,buzz,logistic_regression,0.0117318552275307,387.7444715499878,e2-highcpu-2
2,1.8,2,santander,standard_scaler,0.0009111007811625,20.998481512069706,n1-highcpu-2
2,16.0,4,creditcard,quantile_transformer,0.0015787455412472,14.278101444244385,e2-highmem-2
2,13.0,2,buzz,polynomial_features,0.0047060308161841,65.01040267944336,n1-highmem-2
4,3.6,4,buzz,poisson_regression,0.0098611317892604,56.81830096244812,n1-highcpu-4
2,8.0,4,santander,quantile_transformer,0.0059563254345655,72.66765475273132,e2-standard-2
4,26.0,2,santander,polynomial_features,0.0705504024013678,487.30132126808167,n1-highmem-4
2,2.0,3,buzz,naive_bayes,0.0003602481877553,7.937604665756226,e2-highcpu-2
4,32.0,5,creditcard,polynomial_features,0.0072254984122051,26.138828992843628,e2-highmem-4
4,32.0,4,creditcard,naive_bayes,0.0011663449785391,5.274184942245483,e2-highmem-4
4,32.0,3,buzz,linear_regression,0.0637977366093047,384.6558470726013,e2-highmem-4
4,4.0,2,creditcard,naive_bayes,0.0003145511605421,5.198047161102295,e2-highcpu-4
4,3.6,5,creditcard,poisson_regression,0.0079247993099027,36.5291645526886,n1-highcpu-4
2,16.0,4,buzz,linear_regression,0.0344961170225037,311.9812822341919,e2-highmem-2
4,26.0,3,santander,xgboost,0.0161591569161017,74.40901112556458,n1-highmem-4
2,13.0,4,buzz,polynomial_features,0.0109554925466113,75.67109203338623,n1-highmem-2
4,32.0,4,santander,polynomial_features,0.1046903646923616,473.4074010848999,e2-highmem-4
2,7.5,5,buzz,polynomial_features,0.0107036592422591,73.67719554901123,n1-standard-2
4,26.0,4,santander,standard_scaler,0.0067030652668741,23.14949631690979,n1-highmem-4
4,16.0,4,buzz,poisson_regression,0.0084639201912085,51.63025736808777,e2-standard-4
4,26.0,3,santander,xgboost,0.016751205766201,77.13525295257568,n1-highmem-4
2,7.5,5,creditcard,naive_bayes,0.0006128636082013,4.218564033508301,n1-standard-2
4,3.6,5,santander,quantile_transformer,0.0142007712597979,65.45810055732727,n1-highcpu-4
4,3.6,2,santander,linear_regression,0.0150670306710137,173.62775421142578,n1-highcpu-4
4,32.0,3,buzz,poisson_regression,0.0109160792736268,65.81634306907654,e2-highmem-4
2,8.0,4,santander,kmeans,0.008641675260957,105.4291410446167,e2-standard-2
4,15.0,4,santander,standard_scaler,0.0051527107303407,22.16749358177185,n1-standard-4
4,16.0,5,buzz,standard_scaler,0.0014303385147452,6.980098485946655,e2-standard-4
2,16.0,5,santander,linear_regression,0.0156411393298698,113.16619086265564,e2-highmem-2
4,26.0,2,santander,naive_bayes,0.0021806378545496,15.061965227127075,n1-highmem-4
2,13.0,5,santander,linear_regression,0.0220192246819204,121.67184782028198,n1-highmem-2
4,15.0,2,santander,logistic_regression,0.0422218679846127,363.2856709957123,n1-standard-4
4,3.6,2,buzz,naive_bayes,0.0006410430308712,7.387179613113403,n1-highcpu-4
4,26.0,4,creditcard,standard_scaler,0.0019630005388789,6.779357194900513,n1-highmem-4
2,8.0,5,creditcard,linear_regression,0.0055937315452297,54.59518384933472,e2-standard-2
4,4.0,5,santander,kmeans,0.0120355993010719,79.5566771030426,e2-highcpu-4
4,15.0,5,creditcard,logistic_regression,0.0086360208992163,29.722442865371704,n1-standard-4
4,3.6,5,buzz,logistic_regression,0.0370332788057459,170.70397400856018,n1-highcpu-4
2,16.0,2,santander,linear_regression,0.01365889578942,247.0608398914337,e2-highmem-2
4,16.0,2,creditcard,xgboost,0.0012658293946107,15.44322156906128,e2-standard-4
4,4.0,2,buzz,xgboost,0.0021202471499204,35.03768563270569,e2-highcpu-4
4,32.0,2,creditcard,poisson_regression,0.0136811523596525,123.73170733451845,e2-highmem-4
2,13.0,4,santander,logistic_regression,0.0250731308456261,173.18355917930603,n1-highmem-2
4,16.0,5,santander,xgboost,0.0114270216968655,55.76423764228821,e2-standard-4
4,15.0,5,santander,standard_scaler,0.0062810100644164,21.61724305152893,n1-standard-4
2,2.0,4,santander,quantile_transformer,0.0053163070845254,87.85348272323608,e2-highcpu-2
2,2.0,3,buzz,standard_scaler,0.0004308016420328,9.492159128189089,e2-highcpu-2
4,4.0,5,creditcard,standard_scaler,0.0012165628650228,8.041618585586548,e2-highcpu-4
4,4.0,2,creditcard,logistic_regression,0.0048297017330503,79.81219124794006,e2-highcpu-4
2,13.0,5,creditcard,quantile_transformer,0.0026208249431186,14.481918334960938,n1-highmem-2
4,15.0,4,creditcard,xgboost,0.0031989747809304,13.762319803237917,n1-standard-4
2,1.8,4,creditcard,spectral_clustering,0.0064537451708051,74.37094306945801,n1-highcpu-2
2,2.0,4,buzz,kmeans,0.0024881102422634,41.11672759056091,e2-highcpu-2
2,7.5,2,creditcard,naive_bayes,0.0004726237706343,8.133105039596558,n1-standard-2
2,16.0,5,buzz,logistic_regression,0.0175394351104338,126.9006700515747,e2-highmem-2
2,16.0,5,creditcard,xgboost,0.0022105042901674,15.993358612060549,e2-highmem-2
4,26.0,2,creditcard,kmeans,0.0025802944527202,17.822448253631592,n1-highmem-4
2,2.0,5,buzz,linear_regression,0.0207696149226784,274.5790228843689,e2-highcpu-2
4,16.0,5,creditcard,spectral_clustering,0.013249717677315,64.65905332565308,e2-standard-4
4,32.0,2,santander,standard_scaler,0.0019619545201423,17.743825674057007,e2-highmem-4
4,16.0,2,buzz,quantile_transformer,0.002464833047533,30.0711636543274,e2-standard-4
2,16.0,2,creditcard,naive_bayes,0.000320970101206,5.80567741394043,e2-highmem-2
4,26.0,2,buzz,kmeans,0.0053663280002805,37.065964698791504,n1-highmem-4
4,16.0,2,creditcard,spectral_clustering,0.0092574044317166,112.94108700752258,e2-standard-4
2,8.0,5,buzz,poisson_regression,0.0092361857984264,90.14577436447144,e2-standard-2
4,4.0,2,santander,standard_scaler,0.001402396800092,23.175004959106445,e2-highcpu-4
2,8.0,5,santander,standard_scaler,0.0022911614745457,22.36188507080078,e2-standard-2
4,3.6,5,santander,naive_bayes,0.0046599612915515,21.47997522354126,n1-highcpu-4
4,16.0,5,creditcard,xgboost,0.0028758849066495,14.034411907196043,e2-standard-4
4,4.0,3,santander,logistic_regression,0.0149916185462188,165.1604995727539,e2-highcpu-4
2,2.0,5,santander,quantile_transformer,0.0054105449873407,71.52863264083862,e2-highcpu-2
4,26.0,5,buzz,logistic_regression,0.0535221962760554,147.87406492233276,n1-highmem-4
4,32.0,3,santander,linear_regression,0.0186843691260798,112.65371179580688,e2-highmem-4
2,13.0,4,creditcard,naive_bayes,0.0007370669574472,5.091022729873657,n1-highmem-2
2,13.0,2,creditcard,poisson_regression,0.0103337562204864,142.75334763526917,n1-highmem-2
2,16.0,5,santander,logistic_regression,0.018498837553313,133.84210300445557,e2-highmem-2
2,2.0,2,creditcard,kmeans,0.0006840212242325,22.6072895526886,e2-highcpu-2
2,8.0,5,santander,quantile_transformer,0.0059580400093694,58.15085816383362,e2-standard-2
2,13.0,4,creditcard,spectral_clustering,0.0098664329808023,68.14880800247192,n1-highmem-2
4,16.0,5,santander,poisson_regression,0.0440167743487755,214.8032908439636,e2-standard-4
2,1.8,2,creditcard,xgboost,0.0015533789505826,35.80130743980408,n1-highcpu-2
2,2.0,5,creditcard,poisson_regression,0.0034349817062854,45.411237716674805,e2-highcpu-2
4,26.0,5,buzz,polynomial_features,0.0167657596417268,46.321362018585205,n1-highmem-4
4,26.0,4,santander,kmeans,0.0229665648945702,79.3166093826294,n1-highmem-4
4,4.0,2,santander,logistic_regression,0.0188678012999804,311.79576897621155,e2-highcpu-4
4,16.0,2,creditcard,polynomial_features,0.002105872975111,25.691821575164795,e2-standard-4
2,1.8,3,creditcard,logistic_regression,0.003575366102457,54.93520259857178,n1-highcpu-2
4,15.0,3,creditcard,poisson_regression,0.0114485626185735,65.67053127288818,n1-standard-4
4,16.0,2,buzz,kmeans,0.0032689648540019,39.88163709640503,e2-standard-4
4,3.6,5,creditcard,linear_regression,0.0081394834853543,37.51874589920044,n1-highcpu-4
2,8.0,3,buzz,naive_bayes,0.0003195154471635,5.19748592376709,e2-standard-2
2,1.8,4,creditcard,logistic_regression,0.0030256732971403,34.86691379547119,n1-highcpu-2
4,32.0,5,buzz,standard_scaler,0.0021814700096448,7.891645431518555,e2-highmem-4
2,7.5,4,buzz,poisson_regression,0.0070726372760136,60.85443162918091,n1-standard-2
4,26.0,4,santander,linear_regression,0.0264597053716977,91.3804099559784,n1-highmem-4
4,15.0,3,buzz,naive_bayes,0.0012404603079954,7.115451097488403,n1-standard-4
4,16.0,2,creditcard,standard_scaler,0.0006816758181969,8.316500425338745,e2-standard-4
2,7.5,5,creditcard,xgboost,0.0025560293251938,17.594083309173584,n1-standard-2
2,16.0,4,creditcard,xgboost,0.0020744832096735,18.76152992248535,e2-highmem-2
4,16.0,2,santander,xgboost,0.0083941909800608,102.40981268882751,e2-standard-4
2,13.0,4,santander,quantile_transformer,0.0098254004993173,67.86539101600647,n1-highmem-2
4,3.6,2,creditcard,polynomial_features,0.0023797596423625,27.42360663414001,n1-highcpu-4
2,2.0,4,creditcard,xgboost,0.0012225984593931,20.203786373138428,e2-highcpu-2
4,16.0,5,buzz,poisson_regression,0.0099726177229483,48.666698932647705,e2-standard-4
2,13.0,5,creditcard,naive_bayes,0.0013701294078429,7.570937633514404,n1-highmem-2
4,4.0,4,creditcard,naive_bayes,0.0007554561700852,6.242063760757446,e2-highcpu-4
4,4.0,3,buzz,standard_scaler,0.0004535851976108,4.997082710266113,e2-highcpu-4
2,16.0,4,buzz,poisson_regression,0.0067199120472473,60.77457284927368,e2-highmem-2
2,7.5,4,santander,kmeans,0.0112379447825219,96.69359755516052,n1-standard-2
4,26.0,5,santander,kmeans,0.026389836327566,72.91128993034363,n1-highmem-4
4,32.0,2,creditcard,quantile_transformer,0.0016822060005723,15.2137930393219,e2-highmem-4
2,8.0,4,buzz,quantile_transformer,0.00160829603374,19.621342420578003,e2-standard-2
2,16.0,3,buzz,logistic_regression,0.0168202659586648,202.82894015312195,e2-highmem-2
2,7.5,2,creditcard,spectral_clustering,0.006873837959316,118.28784251213074,n1-standard-2
4,26.0,2,creditcard,logistic_regression,0.0112294013958772,77.56301808357239,n1-highmem-4
2,8.0,4,buzz,kmeans,0.002445600554792,29.836525678634644,e2-standard-2
2,8.0,4,creditcard,polynomial_features,0.0033366265794595,40.707115650177,e2-standard-2
4,3.6,2,creditcard,linear_regression,0.009589960481882,110.5117084980011,n1-highcpu-4
4,4.0,5,buzz,kmeans,0.0045825404937863,30.29111266136169,e2-highcpu-4
4,4.0,5,santander,naive_bayes,0.0030617362536231,20.23842406272888,e2-highcpu-4
2,16.0,2,creditcard,kmeans,0.0009049297264393,16.368284940719604,e2-highmem-2
2,16.0,2,santander,logistic_regression,0.0244315674370874,441.9159252643585,e2-highmem-2
4,15.0,5,buzz,poisson_regression,0.013755119919512,47.34075689315796,n1-standard-4
2,13.0,5,santander,logistic_regression,0.036411467439764,201.1992061138153,n1-highmem-2
2,7.5,2,santander,kmeans,0.0108289520013332,186.3490784168244,n1-standard-2
2,8.0,3,creditcard,xgboost,0.0013439383229315,21.86154246330261,e2-standard-2
4,3.6,3,santander,xgboost,0.0100694686324199,77.35827374458313,n1-highcpu-4
4,3.6,3,creditcard,spectral_clustering,0.0099565383956829,76.4906919002533,n1-highcpu-4
2,7.5,5,santander,kmeans,0.0119690318095684,82.38721704483032,n1-standard-2
2,2.0,3,buzz,kmeans,0.0017870703427648,39.37579250335693,e2-highcpu-2
2,2.0,4,santander,kmeans,0.0060335087882486,99.7054443359375,e2-highcpu-2
4,16.0,2,santander,quantile_transformer,0.0057320999426364,69.9320855140686,e2-standard-4
4,16.0,3,creditcard,kmeans,0.0016985589178919,13.815037965774536,e2-standard-4
4,15.0,3,creditcard,naive_bayes,0.0009073282589912,5.204559803009033,n1-standard-4
4,4.0,4,creditcard,xgboost,0.0015970481973679,13.195837259292604,e2-highcpu-4
4,26.0,4,buzz,linear_regression,0.0777801931462287,268.6192395687103,n1-highmem-4
2,13.0,4,buzz,xgboost,0.0093544294795989,64.61232948303223,n1-highmem-2
4,32.0,5,creditcard,xgboost,0.0037139041256441,13.4353506565094,e2-highmem-4
2,8.0,5,buzz,quantile_transformer,0.0024662310700416,24.070575714111328,e2-standard-2
2,8.0,5,santander,xgboost,0.0088547919721901,86.42334580421448,e2-standard-2
2,13.0,4,santander,xgboost,0.0138609420175287,95.73943066596983,n1-highmem-2
2,1.8,3,santander,linear_regression,0.0115742303757468,177.8370864391327,n1-highcpu-2
4,4.0,4,creditcard,poisson_regression,0.0060612960146554,50.08231806755066,e2-highcpu-4
4,32.0,5,santander,kmeans,0.020554363633883,74.35708451271057,e2-highmem-4
4,32.0,2,creditcard,naive_bayes,0.0005049605393399,4.566839694976807,e2-highmem-4
2,1.8,2,creditcard,kmeans,0.0010377422578467,23.917235136032104,n1-highcpu-2
2,1.8,4,creditcard,naive_bayes,0.0004256354389985,4.904889822006226,n1-highcpu-2
4,4.0,5,creditcard,spectral_clustering,0.0083463195819894,55.17011952400208,e2-highcpu-4
2,7.5,2,buzz,kmeans,0.0027206509229871,46.81808471679688,n1-standard-2
2,8.0,2,santander,linear_regression,0.0101615465469082,247.94338870048523,e2-standard-2
4,4.0,2,santander,xgboost,0.0064964507553402,107.35569167137146,e2-highcpu-4
2,2.0,5,creditcard,standard_scaler,0.000458491616249,6.061363220214844,e2-highcpu-2
2,13.0,3,buzz,polynomial_features,0.0081226274383862,74.80547142028809,n1-highmem-2
2,2.0,5,santander,kmeans,0.0066359991978128,87.72941541671753,e2-highcpu-2
2,2.0,4,santander,logistic_regression,0.0130928656822029,216.36331963539124,e2-highcpu-2
4,16.0,3,creditcard,quantile_transformer,0.001838058887279,14.949645280838013,e2-standard-4
4,3.6,4,creditcard,polynomial_features,0.0046092088053491,26.557541131973267,n1-highcpu-4
4,4.0,3,santander,xgboost,0.0070117941345214,77.2479248046875,e2-highcpu-4
2,7.5,3,buzz,naive_bayes,0.0004729940670331,5.426318168640137,n1-standard-2
4,32.0,5,creditcard,standard_scaler,0.0013396236346589,4.846197605133057,e2-highmem-4
4,3.6,3,santander,poisson_regression,0.0602563818334341,462.9171459674835,n1-highcpu-4
4,16.0,4,creditcard,quantile_transformer,0.0016880299252986,10.297051191329956,e2-standard-4
2,7.5,4,creditcard,naive_bayes,0.0005239484974543,4.508161067962647,n1-standard-2
4,32.0,2,santander,naive_bayes,0.0011349523876847,10.264456748962402,e2-highmem-4
4,16.0,4,santander,naive_bayes,0.0027851752740065,16.98968243598938,e2-standard-4
4,3.6,4,santander,logistic_regression,0.0214927582096523,123.83791542053224,n1-highcpu-4
4,4.0,3,creditcard,xgboost,0.0012617128987097,13.90010905265808,e2-highcpu-4
4,26.0,4,creditcard,poisson_regression,0.0149859975164201,51.75517177581787,n1-highmem-4
2,2.0,5,creditcard,naive_bayes,0.0003116521882712,4.120112657546997,e2-highcpu-2
4,15.0,2,buzz,kmeans,0.0040989771925078,35.26844620704651,n1-standard-4
4,4.0,2,santander,kmeans,0.0083718731496032,138.3475787639618,e2-highcpu-4
2,2.0,3,creditcard,quantile_transformer,0.0008162189657652,17.984333276748657,e2-highcpu-2
2,1.8,5,creditcard,linear_regression,0.0061347318789362,56.55578684806824,n1-highcpu-2
4,15.0,2,buzz,naive_bayes,0.0008930593991279,7.684067487716675,n1-standard-4
2,1.8,5,santander,naive_bayes,0.0023923730750547,22.05516791343689,n1-highcpu-2
4,15.0,3,buzz,standard_scaler,0.0013430299581686,7.703804731369018,n1-standard-4
4,4.0,3,creditcard,spectral_clustering,0.0071744803169488,79.04021501541138,e2-highcpu-4
4,4.0,5,buzz,quantile_transformer,0.0026293510596871,17.380308866500854,e2-highcpu-4
4,16.0,4,buzz,xgboost,0.0050065473664283,30.54014253616333,e2-standard-4
2,8.0,5,creditcard,standard_scaler,0.0005823029378155,5.683314561843872,e2-standard-2
2,13.0,3,buzz,poisson_regression,0.0103404233769774,95.23029971122742,n1-highmem-2
4,3.6,3,buzz,xgboost,0.0040924617003202,31.44016671180725,n1-highcpu-4
4,26.0,2,buzz,naive_bayes,0.000962254263242,6.646422386169434,n1-highmem-4
4,3.6,2,santander,quantile_transformer,0.00815218212231,93.94319987297058,n1-highcpu-4
4,15.0,4,santander,linear_regression,0.0159854419107437,68.77102160453796,n1-standard-4
2,13.0,5,creditcard,kmeans,0.0026023797133233,14.379995346069336,n1-highmem-2
4,4.0,3,buzz,linear_regression,0.0318289316240859,350.6547496318817,e2-highcpu-4
4,32.0,3,santander,quantile_transformer,0.0102816410963288,61.99112343788147,e2-highmem-4
4,15.0,3,santander,naive_bayes,0.0033047307230631,18.95639038085937,n1-standard-4
2,8.0,4,creditcard,poisson_regression,0.0062015730514208,75.65969562530518,e2-standard-2
4,32.0,5,buzz,linear_regression,0.0604662479469378,218.7415766716004,e2-highmem-4
4,15.0,5,creditcard,spectral_clustering,0.0149612073087692,51.491726875305176,n1-standard-4
4,32.0,5,santander,naive_bayes,0.0019327788986457,6.991985082626343,e2-highmem-4
2,7.5,3,creditcard,logistic_regression,0.0045002959074576,51.62863373756409,n1-standard-2
2,16.0,3,creditcard,logistic_regression,0.0045478906480964,54.84121608734131,e2-highmem-2
2,1.8,4,santander,naive_bayes,0.0017634238306946,20.3211452960968,n1-highcpu-2
2,2.0,4,buzz,standard_scaler,0.000596455969394,9.856604099273682,e2-highcpu-2
4,15.0,4,buzz,polynomial_features,0.0106191695108413,45.68476366996765,n1-standard-4
2,1.8,3,santander,quantile_transformer,0.0058818049234946,90.37344312667848,n1-highcpu-2
2,1.8,4,buzz,kmeans,0.003812720942974,43.93660497665405,n1-highcpu-2
4,4.0,4,buzz,kmeans,0.0041672851101716,34.43278431892395,e2-highcpu-4
4,32.0,3,santander,logistic_regression,0.0293849120085779,177.1705207824707,e2-highmem-4
4,32.0,2,creditcard,xgboost,0.0018824083261818,17.024413585662842,e2-highmem-4
2,16.0,4,creditcard,naive_bayes,0.0007062696558565,6.387470006942749,e2-highmem-2
2,1.8,4,santander,standard_scaler,0.0020149681888156,23.21986389160156,n1-highcpu-2
2,1.8,2,buzz,poisson_regression,0.0061226081030898,141.1100459098816,n1-highcpu-2
2,16.0,5,santander,quantile_transformer,0.0077441514753745,56.03019738197327,e2-highmem-2
2,13.0,3,buzz,kmeans,0.0044953007190624,41.39954614639282,n1-highmem-2
4,32.0,5,santander,standard_scaler,0.003182584384395,11.51325821876526,e2-highmem-4
2,2.0,3,creditcard,linear_regression,0.0034000566170692,74.91586685180664,e2-highcpu-2
2,1.8,5,buzz,xgboost,0.0039375938247309,36.30048084259033,n1-highcpu-2
4,26.0,4,creditcard,spectral_clustering,0.0207037618030971,71.50186347961426,n1-highmem-4
2,16.0,3,creditcard,kmeans,0.0012802197289605,15.437663793563845,e2-highmem-2
4,4.0,4,buzz,naive_bayes,0.0005319261346594,4.39511513710022,e2-highcpu-4
4,3.6,4,creditcard,poisson_regression,0.0075846148042149,43.70136570930481,n1-highcpu-4
4,26.0,5,santander,xgboost,0.0209685186434454,57.93297553062439,n1-highmem-4
4,4.0,2,buzz,kmeans,0.002362773892908,39.04550886154175,e2-highcpu-4
2,16.0,5,santander,xgboost,0.0102245399162484,73.97621178627014,e2-highmem-2
2,16.0,5,creditcard,standard_scaler,0.0009428741298304,6.821847915649414,e2-highmem-2
4,3.6,5,creditcard,xgboost,0.0040219190976354,18.53893566131592,n1-highcpu-4
2,16.0,4,creditcard,spectral_clustering,0.009349954784069,84.56055736541748,e2-highmem-2
4,15.0,2,buzz,poisson_regression,0.0164378229085604,141.43442273139954,n1-standard-4
2,1.8,3,creditcard,xgboost,0.0017134200640916,26.32655668258667,n1-highcpu-2
2,16.0,4,buzz,kmeans,0.0037513668387852,33.92718768119812,e2-highmem-2
2,8.0,3,creditcard,spectral_clustering,0.0049628628711998,80.72977423667908,e2-standard-2
4,15.0,4,creditcard,logistic_regression,0.0080461960115432,34.61556601524353,n1-standard-4
4,3.6,3,santander,linear_regression,0.0124514434614976,95.65769624710084,n1-highcpu-4
4,26.0,3,creditcard,polynomial_features,0.0054849588700532,25.256909608840942,n1-highmem-4
4,16.0,5,santander,xgboost,0.0111046680517792,54.19114136695862,e2-standard-4
4,3.6,2,santander,kmeans,0.0121893303609424,140.4660348892212,n1-highcpu-4
4,3.6,2,creditcard,standard_scaler,0.000480819477929,5.540813446044922,n1-highcpu-4
4,4.0,5,santander,linear_regression,0.0088771322308262,58.67885136604309,e2-highcpu-4
2,7.5,5,santander,xgboost,0.0129122843334409,88.87996864318848,n1-standard-2
2,1.8,2,santander,linear_regression,0.0156524337609211,360.7475130558014,n1-highcpu-2
4,32.0,3,buzz,naive_bayes,0.0010884622925774,6.562668323516846,e2-highmem-4
4,16.0,2,santander,kmeans,0.0106212036080678,129.57954788208008,e2-standard-4
4,15.0,3,santander,kmeans,0.0166827104037602,95.69432353973389,n1-standard-4
4,26.0,3,creditcard,poisson_regression,0.0143623854805628,66.13531303405762,n1-highmem-4
4,15.0,4,santander,naive_bayes,0.0038453684530258,16.543172121047974,n1-standard-4
2,8.0,3,creditcard,quantile_transformer,0.0007543722069501,12.27120304107666,e2-standard-2
4,32.0,2,santander,kmeans,0.0161806613357713,146.33715057373047,e2-highmem-4
4,16.0,4,santander,quantile_transformer,0.0099961441447575,60.97688579559326,e2-standard-4
4,26.0,3,buzz,xgboost,0.0062403838655551,28.73545908927917,n1-highmem-4
4,3.6,4,creditcard,spectral_clustering,0.0110641948870552,63.75016260147095,n1-highcpu-4
4,3.6,3,creditcard,standard_scaler,0.000709426525553,5.450139760971069,n1-highcpu-4
2,8.0,4,santander,naive_bayes,0.0017014848317702,20.75825333595276,e2-standard-2
4,15.0,5,buzz,xgboost,0.006707494269212,23.085066318511963,n1-standard-4
4,15.0,3,santander,logistic_regression,0.0270184148416519,154.9813470840454,n1-standard-4
4,3.6,3,buzz,naive_bayes,0.0006569819436073,5.047236442565918,n1-highcpu-4
4,3.6,5,santander,poisson_regression,0.1033419735334979,476.352246761322,n1-highcpu-4
2,2.0,4,creditcard,logistic_regression,0.0023387127278407,38.64789128303528,e2-highcpu-2
2,2.0,4,buzz,xgboost,0.0024144788461478,39.89994788169861,e2-highcpu-2
2,2.0,5,santander,xgboost,0.0069702714924812,92.1485710144043,e2-highcpu-2
2,1.8,2,santander,naive_bayes,0.0009001016778018,20.744981050491333,n1-highcpu-2
2,1.8,2,buzz,kmeans,0.0020919449159701,48.213839292526245,n1-highcpu-2
4,15.0,3,buzz,polynomial_features,0.0073472555112044,42.14486908912659,n1-standard-4
4,32.0,4,santander,linear_regression,0.0169420599820348,76.61160230636597,e2-highmem-4
2,13.0,3,santander,logistic_regression,0.0269737770533959,248.41544485092163,n1-highmem-2
4,26.0,3,santander,kmeans,0.0184458000278472,84.93844985961914,n1-highmem-4
4,4.0,4,creditcard,quantile_transformer,0.0017519510160764,14.475743770599363,e2-highcpu-4
2,1.8,4,buzz,linear_regression,0.0296171943520704,341.2992947101593,n1-highcpu-2
2,8.0,2,buzz,kmeans,0.0015121582911411,36.89690828323364,e2-standard-2
2,13.0,3,buzz,logistic_regression,0.0261110339626669,240.4699981212616,n1-highmem-2
4,16.0,3,creditcard,xgboost,0.0015932292427659,12.958350896835327,e2-standard-4
4,32.0,3,santander,naive_bayes,0.0018252416821503,11.004934072494509,e2-highmem-4
4,32.0,2,buzz,standard_scaler,0.0012121957637596,10.963042259216309,e2-highmem-4
2,8.0,3,santander,quantile_transformer,0.0050856390710771,82.72694706916809,e2-standard-2
4,15.0,3,creditcard,xgboost,0.0030632349167664,17.571137189865112,n1-standard-4
4,15.0,2,creditcard,poisson_regression,0.0130400615157551,112.19938206672668,n1-standard-4
2,8.0,2,creditcard,polynomial_features,0.0017066934906125,41.643598794937134,e2-standard-2
2,13.0,3,santander,kmeans,0.0118401523565848,109.04207849502563,n1-highmem-2
2,16.0,5,buzz,naive_bayes,0.0006656287281963,4.815932273864746,e2-highmem-2
2,8.0,3,buzz,xgboost,0.0024194876164376,39.35726094245911,e2-standard-2
4,4.0,3,creditcard,standard_scaler,0.0005428437724018,5.98043155670166,e2-highcpu-4
2,2.0,4,buzz,naive_bayes,0.000287791331048,4.755833387374878,e2-highcpu-2
2,1.8,5,creditcard,spectral_clustering,0.0090892918708589,83.79372787475586,n1-highcpu-2
4,26.0,5,creditcard,spectral_clustering,0.0238227004063791,65.81866574287415,n1-highmem-4
2,2.0,3,buzz,quantile_transformer,0.0013068873076629,28.795578002929688,e2-highcpu-2
2,7.5,2,buzz,logistic_regression,0.0219376927127838,377.5128765106201,n1-standard-2
2,2.0,2,santander,kmeans,0.0053705975040038,177.50129461288452,e2-highcpu-2
2,13.0,2,buzz,logistic_regression,0.0309109810962279,427.0127856731415,n1-highmem-2
2,13.0,5,santander,xgboost,0.0258657403571075,142.9265775680542,n1-highmem-2
4,15.0,3,buzz,xgboost,0.0043232649883429,24.798843145370483,n1-standard-4
4,16.0,4,creditcard,kmeans,0.0019112645601272,11.658791542053224,e2-standard-4
4,15.0,3,buzz,logistic_regression,0.0299749230126539,171.94028496742249,n1-standard-4
4,16.0,5,buzz,quantile_transformer,0.0034863447199463,17.0134756565094,e2-standard-4
4,32.0,2,santander,polynomial_features,0.0545643386336649,493.477347612381,e2-highmem-4
4,26.0,2,santander,linear_regression,0.0237935371335877,164.3452296257019,n1-highmem-4
4,4.0,4,buzz,quantile_transformer,0.0027593911717605,22.799860954284668,e2-highcpu-4
4,32.0,4,creditcard,polynomial_features,0.005416648355059,24.493958234786987,e2-highmem-4
2,13.0,5,buzz,naive_bayes,0.0012712561830547,7.024592876434326,n1-highmem-2
2,8.0,2,creditcard,standard_scaler,0.0002942982385079,7.180924892425537,e2-standard-2
2,1.8,4,santander,kmeans,0.0094690505992306,109.1183807849884,n1-highcpu-2
2,7.5,3,creditcard,linear_regression,0.0091657737480402,105.15228009223938,n1-standard-2
4,4.0,5,creditcard,kmeans,0.0024734173453966,16.34956932067871,e2-highcpu-4
2,13.0,3,creditcard,xgboost,0.0022708409031629,20.913346767425537,n1-highmem-2
2,13.0,2,santander,kmeans,0.0129576648551887,179.00074243545532,n1-highmem-2
2,8.0,5,santander,logistic_regression,0.0141454503806928,138.0605161190033,e2-standard-2
4,3.6,2,santander,standard_scaler,0.0021378238714006,24.6356143951416,n1-highcpu-4
4,32.0,3,buzz,polynomial_features,0.0073787795810763,44.48889350891113,e2-highmem-4
4,3.6,2,creditcard,spectral_clustering,0.0110895165203942,127.79212379455566,n1-highcpu-4
4,4.0,4,creditcard,standard_scaler,0.0011474214160315,9.480732202529907,e2-highcpu-4
2,1.8,3,buzz,xgboost,0.00316664508303,48.65523815155029,n1-highcpu-2
2,16.0,2,buzz,quantile_transformer,0.0017041595767762,30.82468032836914,e2-highmem-2
4,3.6,5,buzz,kmeans,0.0082773818764421,38.15438508987427,n1-highcpu-4
4,4.0,2,santander,naive_bayes,0.0013222307406377,21.85023808479309,e2-highcpu-4
2,13.0,4,creditcard,poisson_regression,0.0086220401208665,59.55361557006836,n1-highmem-2
2,8.0,2,creditcard,naive_bayes,0.0002337584389209,5.703743934631348,e2-standard-2
4,26.0,5,buzz,naive_bayes,0.0017321780094835,4.785756587982178,n1-highmem-4
4,4.0,5,creditcard,poisson_regression,0.0057126453210433,37.76123380661011,e2-highcpu-4
2,1.8,4,buzz,naive_bayes,0.0005449134631951,6.279412508010864,n1-highcpu-2
2,13.0,3,santander,xgboost,0.0127159201536774,117.1074764728546,n1-highmem-2
2,8.0,4,buzz,standard_scaler,0.0006303049106756,7.6897711753845215,e2-standard-2
4,15.0,4,buzz,kmeans,0.0074043089077207,31.854101419448853,n1-standard-4
4,26.0,3,creditcard,naive_bayes,0.0011100632139046,5.111572742462158,n1-highmem-4
4,3.6,4,buzz,standard_scaler,0.0012935415947172,7.453184604644775,n1-highcpu-4
2,13.0,5,santander,kmeans,0.0151670666298601,83.80881023406982,n1-highmem-2
4,16.0,4,buzz,standard_scaler,0.001083957645146,6.612185716629028,e2-standard-4
4,3.6,4,creditcard,standard_scaler,0.0011512261335055,6.633185148239136,n1-highcpu-4
2,2.0,4,buzz,linear_regression,0.0208432731467358,344.44100165367126,e2-highcpu-2
2,7.5,4,buzz,kmeans,0.0033000597541067,28.39439558982849,n1-standard-2
2,7.5,5,creditcard,logistic_regression,0.0053189093402359,36.611995458602905,n1-standard-2
4,26.0,3,buzz,quantile_transformer,0.005065927065889,23.327369451522827,n1-highmem-4
2,2.0,3,creditcard,logistic_regression,0.0023795793224668,52.43096446990967,e2-highcpu-2
2,2.0,5,santander,poisson_regression,0.0254057230396866,335.8694243431092,e2-highcpu-2
4,3.6,5,buzz,standard_scaler,0.00155781857219,7.180725812911987,n1-highcpu-4
4,15.0,2,santander,naive_bayes,0.001826814991792,15.71829342842102,n1-standard-4
2,8.0,5,buzz,logistic_regression,0.0202712632531325,197.8488483428955,e2-standard-2
4,16.0,4,creditcard,linear_regression,0.0078963456046104,48.16802930831909,e2-standard-4
4,3.6,4,santander,quantile_transformer,0.011921610361576,68.69045662879944,n1-highcpu-4
2,13.0,4,santander,poisson_regression,0.0824126731037828,569.235654592514,n1-highmem-2
4,26.0,5,santander,kmeans,0.0255456376791662,70.57889151573181,n1-highmem-4
2,16.0,3,santander,kmeans,0.0100559224015271,121.26039433479308,e2-highmem-2
4,26.0,5,creditcard,standard_scaler,0.003241703227957,8.956355810165405,n1-highmem-4
4,26.0,3,buzz,naive_bayes,0.001273462762316,5.863988161087036,n1-highmem-4
4,26.0,3,santander,standard_scaler,0.0053556705531279,24.66156816482544,n1-highmem-4
2,1.8,5,buzz,logistic_regression,0.0150481197210152,138.7278642654419,n1-highcpu-2
2,16.0,3,buzz,linear_regression,0.0373639363102126,450.55694246292114,e2-highmem-2
2,8.0,4,creditcard,quantile_transformer,0.0009959247903982,12.150363445281982,e2-standard-2
4,26.0,2,creditcard,polynomial_features,0.0044314913973543,30.60891985893249,n1-highmem-4
2,1.8,2,creditcard,quantile_transformer,0.0008203233322567,18.906299591064453,n1-highcpu-2
4,26.0,2,buzz,poisson_regression,0.016434536754926,113.51560306549072,n1-highmem-4
2,8.0,5,santander,kmeans,0.0085224977554579,83.18013262748718,e2-standard-2
4,26.0,5,creditcard,naive_bayes,0.0025760443386104,7.117236852645874,n1-highmem-4
4,15.0,5,creditcard,linear_regression,0.0107340976145532,36.94335699081421,n1-standard-4
4,4.0,4,creditcard,logistic_regression,0.0038358365158844,31.69414329528809,e2-highcpu-4
4,26.0,2,buzz,standard_scaler,0.0012934356942706,8.933938026428223,n1-highmem-4
2,8.0,3,santander,logistic_regression,0.0147585236399292,240.07358503341675,e2-standard-2
2,16.0,5,creditcard,polynomial_features,0.0051947312223467,37.58472657203674,e2-highmem-2
4,16.0,4,buzz,linear_regression,0.0469634300947666,286.47883343696594,e2-standard-4
4,26.0,3,buzz,linear_regression,0.0887811599998077,408.8157789707184,n1-highmem-4
4,3.6,2,creditcard,poisson_regression,0.0111891421473291,128.94017839431763,n1-highcpu-4
2,2.0,2,santander,quantile_transformer,0.0030365956083575,100.36120772361755,e2-highcpu-2
2,13.0,4,buzz,kmeans,0.0058165592943297,40.17577409744263,n1-highmem-2
2,8.0,5,buzz,xgboost,0.0055861472467382,54.52116060256958,e2-standard-2
4,26.0,5,buzz,quantile_transformer,0.0079937885765896,22.08567833900452,n1-highmem-4
2,8.0,2,santander,kmeans,0.0067088261560877,163.69644951820374,e2-standard-2
2,1.8,5,creditcard,naive_bayes,0.0005295934800638,4.882295846939087,n1-highcpu-2
4,32.0,4,creditcard,spectral_clustering,0.0140224746384239,63.40930509567261,e2-highmem-4
2,2.0,2,creditcard,poisson_regression,0.0044481496239233,147.01386880874634,e2-highcpu-2
4,3.6,3,buzz,standard_scaler,0.0009541020121177,7.329849004745483,n1-highcpu-4
2,16.0,5,creditcard,logistic_regression,0.0045442160793496,32.878143548965454,e2-highmem-2
2,2.0,2,santander,linear_regression,0.0081748947331627,270.1849091053009,e2-highcpu-2
4,15.0,5,santander,kmeans,0.0198981726502047,68.48319458961487,n1-standard-4
2,16.0,4,buzz,polynomial_features,0.0072349300586186,65.4323718547821,e2-highmem-2
2,16.0,4,santander,kmeans,0.0097833628360891,88.48027968406677,e2-highmem-2
2,7.5,3,creditcard,poisson_regression,0.0083817245337168,96.15745162963869,n1-standard-2
4,16.0,5,santander,kmeans,0.0150291745381752,73.34286069869995,e2-standard-4
4,4.0,3,buzz,xgboost,0.0023000986559677,25.3398551940918,e2-highcpu-4
2,8.0,3,santander,kmeans,0.0068263338925659,111.0424382686615,e2-standard-2
4,16.0,2,buzz,standard_scaler,0.0005644552911361,6.886400461196899,e2-standard-4
4,32.0,3,creditcard,naive_bayes,0.0012323068984834,7.429950952529907,e2-highmem-4
4,3.6,5,santander,logistic_regression,0.0243914482613404,112.4317717552185,n1-highcpu-4
4,26.0,5,creditcard,kmeans,0.0045959128944079,12.697840690612791,n1-highmem-4
4,26.0,3,creditcard,kmeans,0.0027396571719646,12.615458965301514,n1-highmem-4
2,16.0,3,creditcard,standard_scaler,0.0008270252718849,9.972770929336548,e2-highmem-2
4,15.0,5,creditcard,poisson_regression,0.0105251501786708,36.22422623634338,n1-standard-4
4,15.0,5,buzz,standard_scaler,0.0021495205100377,7.397967338562012,n1-standard-4
4,16.0,4,creditcard,xgboost,0.0018270219883282,11.14490842819214,e2-standard-4
2,8.0,3,creditcard,standard_scaler,0.0005215208029925,8.483461618423462,e2-standard-2
4,16.0,4,santander,poisson_regression,0.0449665560517946,274.2978205680847,e2-standard-4
4,3.6,3,santander,quantile_transformer,0.0079619567376772,61.16740131378174,n1-highcpu-4
4,32.0,3,creditcard,polynomial_features,0.0037186584047206,22.420916080474854,e2-highmem-4
2,16.0,2,santander,xgboost,0.0112032014079997,202.64246773719788,e2-highmem-2
2,1.8,3,creditcard,standard_scaler,0.000485342617611,7.45724892616272,n1-highcpu-2
4,15.0,3,creditcard,standard_scaler,0.0010642615270614,6.104750633239746,n1-standard-4
2,1.8,2,santander,kmeans,0.0075171649512979,173.2509207725525,n1-highcpu-2
2,2.0,5,santander,standard_scaler,0.0021938540337085,29.00324821472168,e2-highcpu-2
2,8.0,4,santander,linear_regression,0.0097428619730631,118.86370849609376,e2-standard-2
4,3.6,3,santander,kmeans,0.0126386528231302,97.0959243774414,n1-highcpu-4
2,13.0,3,buzz,naive_bayes,0.000813103496929,7.488290071487427,n1-highmem-2
2,16.0,2,creditcard,logistic_regression,0.0049444605735694,89.43494415283203,e2-highmem-2
4,26.0,3,buzz,standard_scaler,0.0016722742115656,7.700418472290039,n1-highmem-4
4,3.6,2,buzz,kmeans,0.003896201611095,44.89861011505127,n1-highcpu-4
4,4.0,5,buzz,polynomial_features,0.0064008910624146,42.31061625480652,e2-highcpu-4
2,13.0,5,santander,logistic_regression,0.0234393075617485,129.51881384849548,n1-highmem-2
4,26.0,3,santander,linear_regression,0.0229854012445608,105.84221601486206,n1-highmem-4
2,13.0,3,creditcard,linear_regression,0.0083533788526654,76.93058037757874,n1-highmem-2
2,16.0,2,santander,standard_scaler,0.0015236763666884,27.5601167678833,e2-highmem-2
4,4.0,3,buzz,quantile_transformer,0.0018460027680349,20.337146282196045,e2-highcpu-4
4,32.0,5,creditcard,kmeans,0.0035617244620574,12.884828329086304,e2-highmem-4
2,1.8,4,buzz,poisson_regression,0.0060463574819829,69.6763346195221,n1-highcpu-2
2,2.0,3,santander,kmeans,0.0054653885536754,120.42279505729675,e2-highcpu-2
2,7.5,3,buzz,xgboost,0.0034375481316248,39.43649864196777,n1-standard-2
2,16.0,2,buzz,kmeans,0.0021859830613443,39.5398588180542,e2-highmem-2
2,7.5,3,creditcard,kmeans,0.0016002615118026,18.358640670776367,n1-standard-2
4,16.0,5,santander,kmeans,0.0144662257101933,70.59565210342407,e2-standard-4
4,4.0,5,buzz,xgboost,0.0039725206373413,26.258812189102173,e2-highcpu-4
2,16.0,3,santander,quantile_transformer,0.006967140536857,84.01399445533752,e2-highmem-2
2,16.0,5,buzz,kmeans,0.0041696625644014,30.168187856674194,e2-highmem-2
4,16.0,5,buzz,xgboost,0.0054262096062699,26.480079412460327,e2-standard-4
2,8.0,5,creditcard,polynomial_features,0.004208802990506,41.07819104194641,e2-standard-2
4,4.0,2,creditcard,kmeans,0.0011839761638434,19.56554198265076,e2-highcpu-4
4,32.0,3,creditcard,xgboost,0.0023744429085437,14.316234350204468,e2-highmem-4
2,13.0,4,buzz,logistic_regression,0.034930026030302,241.26648831367493,n1-highmem-2
2,1.8,3,buzz,naive_bayes,0.0004835422799189,7.429586887359619,n1-highcpu-2
4,16.0,3,santander,logistic_regression,0.0207682669188976,168.9163637161255,e2-standard-4
2,16.0,5,creditcard,linear_regression,0.0122474325500521,88.61216950416565,e2-highmem-2
4,4.0,2,buzz,standard_scaler,0.0005702991229581,9.424354791641235,e2-highcpu-4
2,7.5,2,creditcard,xgboost,0.0016550526047282,28.480828762054443,n1-standard-2
4,32.0,2,santander,logistic_regression,0.0355363007287507,321.38865542411804,e2-highmem-4
4,26.0,5,creditcard,xgboost,0.0050925569284624,14.069996118545532,n1-highmem-4
2,1.8,5,creditcard,standard_scaler,0.0005799885976645,5.346885919570923,n1-highcpu-2
2,13.0,2,creditcard,naive_bayes,0.0004327159714168,5.977657318115234,n1-highmem-2
2,16.0,5,buzz,linear_regression,0.0365407851360301,264.37853264808655,e2-highmem-2
4,3.6,2,santander,logistic_regression,0.0277458083350923,319.7340269088745,n1-highcpu-4
4,26.0,2,buzz,quantile_transformer,0.0045943735770384,31.73396944999695,n1-highmem-4
4,3.6,4,santander,xgboost,0.0132504708071284,76.3471429347992,n1-highcpu-4
4,15.0,3,creditcard,quantile_transformer,0.0017607003965377,10.09961986541748,n1-standard-4
4,15.0,2,santander,quantile_transformer,0.0096423321828842,82.96461725234985,n1-standard-4
2,16.0,4,buzz,naive_bayes,0.0006003894886191,5.429894685745239,e2-highmem-2
4,3.6,4,buzz,naive_bayes,0.0012771283353169,7.358613967895508,n1-highcpu-4
2,1.8,2,creditcard,naive_bayes,0.0003975044597652,9.161434412002563,n1-highcpu-2
4,3.6,5,buzz,naive_bayes,0.0011996880820724,5.529932260513306,n1-highcpu-4
4,4.0,5,creditcard,quantile_transformer,0.0022533592597007,14.894960403442385,e2-highcpu-4
4,26.0,2,santander,standard_scaler,0.0033959303157064,23.456157207489014,n1-highmem-4
2,7.5,5,buzz,quantile_transformer,0.0040288820044861,27.732266187667847,n1-standard-2
2,8.0,4,buzz,xgboost,0.0026089666901985,31.8296058177948,e2-standard-2
2,2.0,2,creditcard,quantile_transformer,0.0005995330600094,19.814907789230347,e2-highcpu-2
2,13.0,4,buzz,standard_scaler,0.0016254637757407,11.227301597595217,n1-highmem-2
4,3.6,5,santander,kmeans,0.0178846580494774,82.43888473510742,n1-highcpu-4
2,16.0,3,santander,standard_scaler,0.0016942578065311,20.43038535118103,e2-highmem-2
4,4.0,3,santander,kmeans,0.0084369123978257,92.94824719429016,e2-highcpu-4
4,15.0,3,santander,xgboost,0.0127713373761971,73.25814938545227,n1-standard-4
4,16.0,3,creditcard,spectral_clustering,0.0093047583940386,75.6792061328888,e2-standard-4
2,2.0,4,santander,standard_scaler,0.0015658620965337,25.876315355300903,e2-highcpu-2
2,8.0,5,santander,linear_regression,0.0099269102058211,96.88728952407835,e2-standard-2
2,8.0,5,santander,kmeans,0.0082873238964279,80.8848204612732,e2-standard-2
4,16.0,2,creditcard,poisson_regression,0.0106090535069704,129.43131566047668,e2-standard-4
2,16.0,3,santander,xgboost,0.0103301231132217,124.56687235832214,e2-highmem-2
4,16.0,5,creditcard,poisson_regression,0.0085828238249619,41.884459495544434,e2-standard-4
4,32.0,2,creditcard,linear_regression,0.0125480714777814,113.4841763973236,e2-highmem-4
2,7.5,4,santander,linear_regression,0.017182414829678,147.84104537963867,n1-standard-2
4,15.0,3,creditcard,linear_regression,0.0114841511408487,65.87467193603516,n1-standard-4
2,8.0,5,buzz,linear_regression,0.0454310800782342,443.4102976322174,e2-standard-2
2,13.0,4,buzz,naive_bayes,0.0013460670244693,9.297469854354858,n1-highmem-2
2,7.5,5,santander,quantile_transformer,0.0107292970411645,73.85366988182068,n1-standard-2
2,16.0,5,buzz,polynomial_features,0.0091651737960656,66.31152534484863,e2-highmem-2
4,15.0,5,buzz,polynomial_features,0.0137171683833334,47.210139751434326,n1-standard-4
4,16.0,5,creditcard,logistic_regression,0.0050515524035294,24.651740074157715,e2-standard-4
4,15.0,4,buzz,poisson_regression,0.0108816891109678,46.81415009498596,n1-standard-4
2,13.0,2,creditcard,standard_scaler,0.0004295048922167,5.933298587799072,n1-highmem-2
4,3.6,2,buzz,poisson_regression,0.0094679565005567,109.10577273368835,n1-highcpu-4
4,16.0,3,santander,xgboost,0.0090130254930257,73.30642938613892,e2-standard-4
2,13.0,5,santander,quantile_transformer,0.0145209092985921,80.23833227157593,n1-highmem-2
4,32.0,5,buzz,quantile_transformer,0.0050823903569512,18.38596105575561,e2-highmem-4
4,32.0,2,buzz,poisson_regression,0.0125342900803608,113.3595380783081,e2-highmem-4
2,13.0,4,creditcard,linear_regression,0.009021320786635,62.31150197982788,n1-highmem-2
2,16.0,5,creditcard,spectral_clustering,0.0115527656529075,83.58614134788513,e2-highmem-2
2,7.5,4,santander,poisson_regression,0.0623198904477755,536.2132065296173,n1-standard-2
2,13.0,5,creditcard,polynomial_features,0.0073343765733308,40.52763724327088,n1-highmem-2
4,26.0,5,santander,xgboost,0.0202224874189164,55.87179946899414,n1-highmem-4
4,16.0,3,santander,poisson_regression,0.0476588752074122,387.62810254096985,e2-standard-4
4,3.6,4,creditcard,xgboost,0.0021827183718151,12.57648229598999,n1-highcpu-4
4,3.6,2,creditcard,logistic_regression,0.0071959392606152,82.92375588417053,n1-highcpu-4
2,8.0,2,buzz,standard_scaler,0.0003343411340713,8.157978057861328,e2-standard-2
2,16.0,3,creditcard,linear_regression,0.006836494993805,82.43859148025513,e2-highmem-2
4,16.0,3,creditcard,logistic_regression,0.0052913884139657,43.03691267967224,e2-standard-4
2,13.0,3,creditcard,logistic_regression,0.0051228423289259,47.17890095710754,n1-highmem-2
4,15.0,5,santander,quantile_transformer,0.0171738360124164,59.1068925857544,n1-standard-4
4,32.0,3,creditcard,standard_scaler,0.0015377433854428,9.271519899368286,e2-highmem-4
2,2.0,2,buzz,poisson_regression,0.0043132033096241,142.55381655693054,e2-highcpu-2
2,8.0,2,buzz,xgboost,0.0022316847899953,54.45347189903259,e2-standard-2
2,16.0,4,santander,quantile_transformer,0.0077106244090991,69.73452949523926,e2-highmem-2
2,16.0,3,santander,naive_bayes,0.0013071559007271,15.762476444244385,e2-highmem-2
4,32.0,2,buzz,naive_bayes,0.0009823576511457,8.884397029876709,e2-highmem-4
4,32.0,5,santander,quantile_transformer,0.0138066549194733,49.9466986656189,e2-highmem-4
4,3.6,3,santander,logistic_regression,0.0210480722807645,161.70093941688538,n1-highcpu-4
4,32.0,3,creditcard,kmeans,0.0021890418023403,13.198395013809204,e2-highmem-4
4,15.0,2,buzz,polynomial_features,0.0058838122356202,50.62553548812866,n1-standard-4
4,32.0,4,buzz,standard_scaler,0.0014581722396532,6.593821048736572,e2-highmem-4
4,4.0,4,santander,linear_regression,0.0163597976664193,135.17514872550964,e2-highcpu-4
2,16.0,5,santander,standard_scaler,0.0023479208870523,16.987590074539185,e2-highmem-2
2,2.0,3,creditcard,polynomial_features,0.0018869596968638,41.57672572135925,e2-highcpu-2
2,13.0,3,buzz,linear_regression,0.0532102725527286,490.04088306427,n1-highmem-2
4,26.0,5,creditcard,poisson_regression,0.0161103658884763,44.5106041431427,n1-highmem-4
2,16.0,5,buzz,poisson_regression,0.0079721793281727,57.680016040802,e2-highmem-2
2,2.0,3,santander,naive_bayes,0.0009962619644522,21.951348781585693,e2-highcpu-2
4,16.0,3,buzz,polynomial_features,0.0050957306320071,41.445552110672,e2-standard-4
4,4.0,5,creditcard,xgboost,0.0020931289268255,13.835819721221924,e2-highcpu-4
2,8.0,3,buzz,polynomial_features,0.0045479665820956,73.98074960708618,e2-standard-2
4,26.0,5,buzz,xgboost,0.0259472944061623,71.68861079216003,n1-highmem-4
2,8.0,5,buzz,naive_bayes,0.0004626044667661,4.515049695968628,e2-standard-2
2,1.8,4,creditcard,poisson_regression,0.0050660018085373,58.37902212142944,n1-highcpu-2
2,7.5,3,buzz,logistic_regression,0.0181007067203124,207.65629124641416,n1-standard-2
4,32.0,2,buzz,polynomial_features,0.0054411491004472,49.2095000743866,e2-highmem-4
2,2.0,2,buzz,quantile_transformer,0.0010034439537795,33.16439199447632,e2-highcpu-2
4,26.0,4,buzz,poisson_regression,0.0144018641472392,49.73782706260681,n1-highmem-4
2,7.5,2,creditcard,poisson_regression,0.0083461627788543,143.6242160797119,n1-standard-2
4,32.0,4,buzz,logistic_regression,0.0319565720522933,144.50687766075134,e2-highmem-4
2,8.0,3,santander,naive_bayes,0.001071625570327,17.431892156600952,e2-standard-2
4,26.0,3,buzz,logistic_regression,0.0386616197811365,178.02741265296936,n1-highmem-4
2,8.0,4,buzz,logistic_regression,0.0129352206928173,157.81074452400208,e2-standard-2
4,32.0,4,buzz,xgboost,0.0066973297060394,30.28516960144043,e2-highmem-4
4,3.6,5,buzz,quantile_transformer,0.0042559799629449,19.617833375930783,n1-highcpu-4
2,7.5,4,creditcard,kmeans,0.0017788527757326,15.30561661720276,n1-standard-2
2,2.0,2,creditcard,linear_regression,0.0043366999409286,143.33039355278015,e2-highcpu-2
4,32.0,5,santander,xgboost,0.0156283719481587,56.53690838813782,e2-highmem-4
4,15.0,3,buzz,poisson_regression,0.0116853555068174,67.02880787849426,n1-standard-4
4,32.0,4,creditcard,quantile_transformer,0.0027649314550675,12.5029559135437,e2-highmem-4
4,3.6,5,creditcard,spectral_clustering,0.012978570848902,59.82439827919006,n1-highcpu-4
4,15.0,4,buzz,logistic_regression,0.0310740863226784,133.68392777442932,n1-standard-4
4,3.6,5,buzz,linear_regression,0.1042647712416119,480.6058597564697,n1-highcpu-4
4,4.0,4,buzz,poisson_regression,0.0065780941333866,54.35243582725525,e2-highcpu-4
4,15.0,2,creditcard,quantile_transformer,0.0015523317990303,13.3565833568573,n1-standard-4
4,26.0,3,creditcard,linear_regression,0.0139314556281566,64.15098524093628,n1-highmem-4
2,16.0,5,buzz,xgboost,0.0050521445352911,36.55308866500855,e2-highmem-2
4,26.0,5,creditcard,linear_regression,0.0159339939280351,44.023313999176025,n1-highmem-4
4,15.0,5,creditcard,xgboost,0.0033018763359387,11.364010334014893,n1-standard-4
4,32.0,5,santander,poisson_regression,0.0556979961756375,201.4920375347137,e2-highmem-4
4,32.0,5,buzz,naive_bayes,0.0016495963325169,5.967549085617065,e2-highmem-4
4,26.0,5,santander,quantile_transformer,0.0236307157395945,65.2882399559021,n1-highmem-4
4,15.0,2,santander,linear_regression,0.020632857178741,177.52936387062073,n1-standard-4
2,13.0,2,santander,logistic_regression,0.0325719771631426,449.9582417011261,n1-highmem-2
2,2.0,2,creditcard,polynomial_features,0.0032721469710739,108.14631390571594,e2-highcpu-2
2,13.0,2,buzz,kmeans,0.0033313493160274,46.020174741745,n1-highmem-2
4,32.0,2,santander,xgboost,0.0125260199659776,113.28474354743958,e2-highmem-4
4,16.0,5,buzz,logistic_regression,0.0244389335234959,119.26279067993164,e2-standard-4
4,15.0,4,creditcard,standard_scaler,0.0011418726152843,4.912453889846802,n1-standard-4
4,16.0,2,creditcard,logistic_regression,0.0062064870796283,75.71964716911316,e2-standard-4
2,8.0,5,santander,poisson_regression,0.0339037991272012,330.90328550338745,e2-standard-2
4,32.0,4,buzz,polynomial_features,0.0103875421556154,46.97222471237183,e2-highmem-4
4,15.0,5,santander,xgboost,0.0163460285552342,56.25784206390381,n1-standard-4
2,1.8,4,buzz,standard_scaler,0.0006809544189241,7.847105979919434,n1-highcpu-2
2,16.0,5,creditcard,naive_bayes,0.0006527443971435,4.72271203994751,e2-highmem-2
2,16.0,3,buzz,poisson_regression,0.0067078347424435,80.8871283531189,e2-highmem-2
2,16.0,4,creditcard,polynomial_features,0.0041955178329483,37.94406867027283,e2-highmem-2
2,1.8,2,santander,logistic_regression,0.017690536296063,407.7204267978668,n1-highcpu-2
2,16.0,2,buzz,standard_scaler,0.0004775774952085,8.63837742805481,e2-highmem-2
4,4.0,5,buzz,logistic_regression,0.0170690654121478,112.8284592628479,e2-highcpu-4
4,15.0,3,santander,poisson_regression,0.0767727768976688,440.3792173862457,n1-standard-4
4,15.0,2,creditcard,linear_regression,0.011547716902044,99.35894083976746,n1-standard-4
4,26.0,5,santander,naive_bayes,0.0065336330924431,18.051480531692505,n1-highmem-4
2,13.0,2,buzz,naive_bayes,0.0005257606043815,7.263001441955566,n1-highmem-2
2,2.0,5,buzz,kmeans,0.0028939326539337,38.25844645500183,e2-highcpu-2
4,4.0,2,creditcard,linear_regression,0.0057603278720331,95.19105219841003,e2-highcpu-4
4,15.0,5,creditcard,polynomial_features,0.007679001515309,26.428685903549194,n1-standard-4
2,16.0,3,santander,linear_regression,0.0146468672528175,176.62078404426575,e2-highmem-2
2,13.0,2,buzz,quantile_transformer,0.0025298394987848,34.94789791107178,n1-highmem-2
2,13.0,5,buzz,poisson_regression,0.0105363670009705,58.22090744972229,n1-highmem-2
2,13.0,5,buzz,logistic_regression,0.0227107216320435,125.49285936355592,n1-highmem-2
2,16.0,3,creditcard,quantile_transformer,0.0013294080882426,16.03080677986145,e2-highmem-2
2,2.0,3,santander,logistic_regression,0.0123429964580357,271.96202397346497,e2-highcpu-2
4,16.0,3,buzz,poisson_regression,0.0087093838978886,70.83679461479187,e2-standard-4
4,26.0,3,creditcard,logistic_regression,0.0090568346971273,41.70453429222107,n1-highmem-4
4,16.0,3,creditcard,poisson_regression,0.0081354350962758,66.16864657402039,e2-standard-4
2,8.0,5,buzz,standard_scaler,0.0008029887631138,7.837222576141357,e2-standard-2
4,4.0,5,buzz,linear_regression,0.0335830789605776,221.98796272277832,e2-highcpu-4
2,7.5,2,buzz,xgboost,0.0034851138934824,59.97327923774719,n1-standard-2
2,8.0,3,creditcard,naive_bayes,0.0002337755140721,3.802773714065552,e2-standard-2
2,2.0,3,santander,linear_regression,0.007093082689774,156.2869381904602,e2-highcpu-2
4,3.6,3,creditcard,logistic_regression,0.0051041386431058,39.2123327255249,n1-highcpu-4
4,32.0,4,buzz,linear_regression,0.0706358875056118,319.41384506225586,e2-highmem-4
4,15.0,4,santander,poisson_regression,0.0659805336320665,283.8550682067871,n1-standard-4
4,16.0,2,creditcard,kmeans,0.0011442299096028,13.959697961807253,e2-standard-4
2,13.0,2,santander,quantile_transformer,0.0085227775880628,117.73599123954772,n1-highmem-2
2,2.0,4,creditcard,kmeans,0.0011884536383914,19.63953351974488,e2-highcpu-2
2,13.0,5,creditcard,linear_regression,0.0144426591554946,79.8059446811676,n1-highmem-2
4,26.0,4,santander,xgboost,0.0173628719813029,59.96387100219727,n1-highmem-4
4,26.0,4,buzz,xgboost,0.0070986584744983,24.51570463180542,n1-highmem-4
2,13.0,2,buzz,standard_scaler,0.0007206883893675,9.955787420272827,n1-highmem-2
2,2.0,5,creditcard,kmeans,0.0016518832262277,21.83827114105225,e2-highcpu-2
4,3.6,2,buzz,logistic_regression,0.0267484774978955,308.2410979270935,n1-highcpu-4
2,16.0,4,santander,standard_scaler,0.0022763399219581,20.58711266517639,e2-highmem-2
2,1.8,4,santander,linear_regression,0.010613370682266,122.30516791343688,n1-highcpu-2
4,3.6,2,buzz,xgboost,0.0033836354373296,38.99195766448975,n1-highcpu-4
2,8.0,2,buzz,naive_bayes,0.0003051191453456,7.4449567794799805,e2-standard-2
2,16.0,5,santander,logistic_regression,0.0185056647388756,133.8914988040924,e2-highmem-2
4,3.6,4,creditcard,kmeans,0.0022638281962606,13.043824434280396,n1-highcpu-4
2,16.0,5,santander,kmeans,0.0106911424159851,77.3521568775177,e2-highmem-2
2,7.5,3,creditcard,xgboost,0.0018864744633436,21.642154455184937,n1-standard-2
2,2.0,5,buzz,naive_bayes,0.0004588967766006,6.06671953201294,e2-highcpu-2
4,32.0,2,creditcard,polynomial_features,0.0026730023524162,24.174509286880493,e2-highmem-4
2,1.8,3,buzz,poisson_regression,0.0064550723514755,99.18164944648744,n1-highcpu-2
2,16.0,5,santander,naive_bayes,0.0011849872769832,8.573575973510742,e2-highmem-2
4,4.0,5,creditcard,logistic_regression,0.0039198845979849,25.910881996154785,e2-highcpu-4
4,16.0,4,santander,kmeans,0.0139163061166445,84.89003324508667,e2-standard-4
2,7.5,4,creditcard,logistic_regression,0.0047961730034086,41.26726293563843,n1-standard-2
4,16.0,3,santander,naive_bayes,0.0012606512023329,10.25336480140686,e2-standard-4
4,15.0,5,santander,poisson_regression,0.0672637931627697,231.50062656402588,n1-standard-4
4,15.0,2,creditcard,kmeans,0.0022604027719497,19.44897222518921,n1-standard-4
2,16.0,5,santander,poisson_regression,0.0582849088256518,421.70080947875977,e2-highmem-2
4,15.0,3,santander,linear_regression,0.0170893041625022,98.02660131454468,n1-standard-4
4,4.0,3,santander,standard_scaler,0.0014192756223583,15.63595485687256,e2-highcpu-4
4,3.6,3,buzz,kmeans,0.0050686871523062,38.93997812271118,n1-highcpu-4
2,7.5,2,creditcard,logistic_regression,0.0047154458807574,81.14534020423889,n1-standard-2
2,7.5,5,santander,standard_scaler,0.0034425955484973,23.69664239883423,n1-standard-2
2,7.5,4,buzz,quantile_transformer,0.002903916065375,24.98589348793029,n1-standard-2
2,7.5,4,santander,xgboost,0.0112516274748378,96.81132626533508,n1-standard-2
4,16.0,4,creditcard,standard_scaler,0.0010200265593051,6.222203493118286,e2-standard-4
2,8.0,4,santander,standard_scaler,0.0020994593040386,25.61357426643372,e2-standard-2
4,16.0,5,creditcard,kmeans,0.0023184470287561,11.314096927642822,e2-standard-4
4,26.0,2,creditcard,xgboost,0.0026109163922468,18.03395819664001,n1-highmem-4
4,3.6,3,santander,standard_scaler,0.0020818215446472,15.993507385253906,n1-highcpu-4
4,32.0,5,creditcard,spectral_clustering,0.0141788289815995,51.29306864738464,e2-highmem-4
2,13.0,2,creditcard,linear_regression,0.0099358817717896,137.25700068473816,n1-highmem-2
2,1.8,3,creditcard,linear_regression,0.005850294661343,89.88929057121277,n1-highcpu-2
2,2.0,5,creditcard,linear_regression,0.0039768649388233,52.57505702972412,e2-highcpu-2
2,7.5,4,buzz,polynomial_features,0.0084870922375255,73.02469420433044,n1-standard-2
4,32.0,4,santander,poisson_regression,0.067787692600833,306.5343737602234,e2-highmem-4
4,16.0,5,buzz,naive_bayes,0.0015589691708286,7.607820272445679,e2-standard-4
4,3.6,3,creditcard,poisson_regression,0.0081653230993747,62.72975492477417,n1-highcpu-4
2,13.0,4,creditcard,kmeans,0.0018279462280008,12.62587571144104,n1-highmem-2
2,13.0,3,buzz,quantile_transformer,0.0033948386930624,31.264822959899902,n1-highmem-2
2,8.0,3,creditcard,logistic_regression,0.003026951378268,49.23873734474182,e2-standard-2
4,16.0,4,santander,xgboost,0.0114710419838587,69.97382259368896,e2-standard-4
2,8.0,2,santander,logistic_regression,0.0170420701930801,415.8292849063873,e2-standard-2
4,15.0,2,creditcard,naive_bayes,0.0003936307662328,3.386880397796631,n1-standard-4
4,32.0,3,creditcard,logistic_regression,0.0071155099454164,42.90156126022339,e2-highmem-4
2,13.0,2,creditcard,polynomial_features,0.0030751427373223,42.48086667060852,n1-highmem-2
4,32.0,3,santander,kmeans,0.0147436916789444,88.89417576789856,e2-highmem-4
4,32.0,2,creditcard,kmeans,0.0018346847697618,16.592803955078125,e2-highmem-4
2,13.0,2,creditcard,xgboost,0.0019706867704126,27.22360849380493,n1-highmem-2
4,4.0,4,santander,quantile_transformer,0.0086693235207462,71.63151526451111,e2-highcpu-4
2,16.0,2,creditcard,spectral_clustering,0.0064980533529578,117.53618621826172,e2-highmem-2
4,3.6,4,santander,linear_regression,0.0149611848897404,86.2040102481842,n1-highcpu-4
4,4.0,5,buzz,poisson_regression,0.0064213095138271,42.44558453559876,e2-highcpu-4
2,1.8,2,creditcard,standard_scaler,0.0003889670680761,8.964669942855835,n1-highcpu-2
2,8.0,4,creditcard,spectral_clustering,0.0071329720228433,87.02283883094788,e2-standard-2
4,26.0,2,santander,xgboost,0.0148297776003413,102.43131113052368,n1-highmem-4
4,3.6,2,buzz,quantile_transformer,0.0027688503401544,31.90736627578736,n1-highcpu-4
2,7.5,2,creditcard,kmeans,0.0010464997692108,18.00860023498535,n1-standard-2
4,15.0,2,creditcard,standard_scaler,0.000523119234138,4.501025915145874,n1-standard-4
4,16.0,4,buzz,quantile_transformer,0.0036964607823689,22.548561096191406,e2-standard-4
4,3.6,2,creditcard,xgboost,0.0019380174372461,22.333107471466064,n1-highcpu-4
2,7.5,4,buzz,xgboost,0.0036915621785057,31.76296329498291,n1-standard-2
4,15.0,4,buzz,quantile_transformer,0.0056492900192472,24.30382895469665,n1-standard-4
4,4.0,3,santander,poisson_regression,0.0375868014824414,414.0883715152741,e2-highcpu-4
4,16.0,2,creditcard,quantile_transformer,0.0014205480090061,17.330801248550415,e2-standard-4
4,26.0,5,creditcard,polynomial_features,0.0099760657043589,27.562422513961792,n1-highmem-4
4,3.6,5,buzz,poisson_regression,0.0154996531803078,71.44526433944702,n1-highcpu-4
2,1.8,5,santander,poisson_regression,0.0468182951948709,431.6155254840851,n1-highcpu-2
2,7.5,4,creditcard,xgboost,0.0019464340430365,16.747520446777344,n1-standard-2
2,1.8,5,buzz,linear_regression,0.0349751799580454,322.43443751335144,n1-highcpu-2
2,8.0,3,santander,linear_regression,0.0124491791471004,202.50799751281733,e2-standard-2
4,32.0,5,buzz,poisson_regression,0.0117937280567632,42.66477179527283,e2-highmem-4
2,7.5,5,buzz,poisson_regression,0.0128196722370386,88.24248576164246,n1-standard-2
2,8.0,3,santander,kmeans,0.0078406836602926,127.5426378250122,e2-standard-2
2,16.0,5,santander,xgboost,0.0113466415978756,82.09480023384094,e2-highmem-2
4,26.0,4,santander,poisson_regression,0.1031828387351565,356.3490209579468,n1-highmem-4
4,26.0,5,santander,linear_regression,0.0434233352780342,119.9723768234253,n1-highmem-4
4,15.0,4,santander,xgboost,0.0148260915603637,63.78337669372559,n1-standard-4
2,8.0,2,creditcard,linear_regression,0.0053339698544263,130.14973211288452,e2-standard-2
4,32.0,2,santander,linear_regression,0.0204931649166223,185.3392329216004,e2-highmem-4
2,7.5,4,santander,naive_bayes,0.0019117064283688,16.44871687889099,n1-standard-2
4,26.0,4,buzz,quantile_transformer,0.0058998439751731,20.37551641464233,n1-highmem-4
4,16.0,4,buzz,polynomial_features,0.0078792694762865,48.06386423110962,e2-standard-4
4,15.0,4,creditcard,poisson_regression,0.0126065452816221,54.23465943336487,n1-standard-4
4,32.0,3,santander,standard_scaler,0.0027944988848686,16.848878860473633,e2-highmem-4
4,32.0,4,creditcard,standard_scaler,0.0018421803888596,8.330296993255615,e2-highmem-4
4,4.0,4,creditcard,polynomial_features,0.0035174465719223,29.063401222229004,e2-highcpu-4
4,26.0,2,creditcard,standard_scaler,0.001068718416161,7.381784915924072,n1-highmem-4
4,32.0,2,santander,quantile_transformer,0.0077578777691915,70.16188669204712,e2-highmem-4
2,13.0,4,creditcard,polynomial_features,0.005746058489773,39.6888153553009,n1-highmem-2
2,1.8,5,buzz,poisson_regression,0.0067752218915687,62.46043229103088,n1-highcpu-2
4,4.0,5,santander,poisson_regression,0.0334789120285908,221.2994074821472,e2-highcpu-4
4,4.0,5,santander,logistic_regression,0.0147667689641594,97.610018491745,e2-highcpu-4
4,15.0,4,buzz,linear_regression,0.0612022097823884,263.2982256412506,n1-standard-4
4,16.0,3,santander,logistic_regression,0.0213974264997601,174.0335624217987,e2-standard-4
2,13.0,5,buzz,polynomial_features,0.0134895871990919,74.53954553604126,n1-highmem-2
4,15.0,2,buzz,logistic_regression,0.0364578170887099,313.6905868053436,n1-standard-4
2,2.0,5,buzz,poisson_regression,0.0044898488008896,59.35682010650635,e2-highcpu-2
2,7.5,4,buzz,linear_regression,0.0336907807885805,289.8824350833893,n1-standard-2
4,15.0,3,santander,kmeans,0.0156568138945897,89.8096399307251,n1-standard-4
2,2.0,5,santander,naive_bayes,0.001522466955775,20.12735867500305,e2-highcpu-2
2,13.0,5,buzz,xgboost,0.0048640516162249,26.87733817100525,n1-highmem-2
2,16.0,4,santander,poisson_regression,0.0502304423589303,454.2817907333374,e2-highmem-2
2,7.5,5,santander,linear_regression,0.0189749047640297,130.6111991405487,n1-standard-2
4,4.0,2,buzz,poisson_regression,0.0062576438554382,103.40933990478516,e2-highcpu-4
2,16.0,3,buzz,standard_scaler,0.0008225274377695,9.918533325195312,e2-highmem-2
4,16.0,4,creditcard,poisson_regression,0.0082379096790949,50.25158405303955,e2-standard-4
4,32.0,5,santander,linear_regression,0.014777803966448,53.459909439086914,e2-highmem-4
4,32.0,3,creditcard,poisson_regression,0.0111951977496258,67.49923276901245,e2-highmem-4
2,7.5,5,santander,poisson_regression,0.0716884592139058,493.4578454494476,n1-standard-2
2,2.0,2,buzz,naive_bayes,0.0001709451271398,5.64983344078064,e2-highcpu-2
2,8.0,5,santander,naive_bayes,0.0017217016642292,16.80392026901245,e2-standard-2
4,32.0,2,buzz,logistic_regression,0.0309713747696367,280.1036767959595,e2-highmem-4
2,8.0,4,buzz,poisson_regression,0.0053236866756121,64.9494104385376,e2-standard-2
4,32.0,3,santander,logistic_regression,0.0274973747040875,165.7899875640869,e2-highmem-4
2,13.0,5,creditcard,logistic_regression,0.0061672738757729,34.07856631278992,n1-highmem-2
4,16.0,3,buzz,linear_regression,0.0589753411775946,479.6693060398102,e2-standard-4
2,2.0,2,buzz,standard_scaler,0.0002499119004114,8.259730100631714,e2-highcpu-2
4,26.0,4,buzz,polynomial_features,0.0125597462238205,43.37594628334045,n1-highmem-4
4,16.0,5,creditcard,naive_bayes,0.0011304561106363,5.51666259765625,e2-standard-4
4,32.0,3,santander,xgboost,0.0118778995658826,71.61544847488403,e2-highmem-4
4,26.0,4,buzz,kmeans,0.0083169478669696,28.723150730133057,n1-highmem-4
4,26.0,3,santander,logistic_regression,0.0379548211637735,174.772775888443,n1-highmem-4
2,7.5,2,santander,xgboost,0.0113659647280904,195.59021520614624,n1-standard-2
4,26.0,2,buzz,logistic_regression,0.0447526978699631,309.11303210258484,n1-highmem-4
4,16.0,2,creditcard,naive_bayes,0.0006798579863627,8.294322729110718,e2-standard-4
2,13.0,3,buzz,xgboost,0.0050129566595753,46.16690707206726,n1-highmem-2
4,32.0,4,buzz,poisson_regression,0.0125532035931926,56.76529550552368,e2-highmem-4
4,15.0,3,creditcard,logistic_regression,0.0071486818748315,41.00582337379456,n1-standard-4
4,26.0,2,creditcard,poisson_regression,0.0175331843401326,121.10411286354064,n1-highmem-4
2,7.5,2,buzz,poisson_regression,0.0083814259218904,144.23103880882263,n1-standard-2
2,1.8,2,buzz,naive_bayes,0.0002982976076735,6.874976873397827,n1-highcpu-2
2,2.0,3,buzz,linear_regression,0.0223260206025755,491.925098657608,e2-highcpu-2
4,16.0,3,santander,linear_regression,0.011114368261969,90.39746451377869,e2-standard-4
2,7.5,3,buzz,polynomial_features,0.0065064176719188,74.64341497421265,n1-standard-2
2,8.0,4,buzz,linear_regression,0.0277460116002082,338.5035982131958,e2-standard-2
4,32.0,5,creditcard,linear_regression,0.0109381007720576,39.56947040557861,e2-highmem-4
2,7.5,5,buzz,standard_scaler,0.0014235567547215,9.798861026763916,n1-standard-2
4,16.0,5,santander,linear_regression,0.0119733837376236,58.43050217628479,e2-standard-4
4,16.0,3,creditcard,linear_regression,0.0070004789919853,56.93760871887207,e2-standard-4
2,7.5,2,buzz,quantile_transformer,0.0019439906437661,33.452993869781494,n1-standard-2
2,8.0,4,creditcard,naive_bayes,0.0003828938355207,4.671335935592651,e2-standard-2
2,16.0,2,creditcard,quantile_transformer,0.0009042927364267,16.356763124465942,e2-highmem-2
4,15.0,5,buzz,quantile_transformer,0.0074414021409882,25.610944271087646,n1-standard-4
2,7.5,5,creditcard,polynomial_features,0.0060712955246369,41.79094433784485,n1-standard-2
4,32.0,4,santander,logistic_regression,0.0286322864939732,129.47453546524048,e2-highmem-4
2,8.0,3,buzz,linear_regression,0.0284336455860018,462.5237183570862,e2-standard-2
4,3.6,3,creditcard,polynomial_features,0.0031993830096721,24.579126834869385,n1-highcpu-4
2,7.5,5,buzz,linear_regression,0.0578212026078833,398.0044538974762,n1-standard-2
2,16.0,2,santander,kmeans,0.0092274782761073,166.90577101707458,e2-highmem-2
4,26.0,3,creditcard,spectral_clustering,0.0163507608180046,75.2913007736206,n1-highmem-4
4,3.6,4,buzz,linear_regression,0.0511584870577918,294.7672109603882,n1-highcpu-4
4,26.0,5,buzz,standard_scaler,0.0023951628116766,6.61748743057251,n1-highmem-4
4,16.0,3,buzz,logistic_regression,0.0224565631579279,182.64793133735657,e2-standard-4
2,7.5,2,buzz,standard_scaler,0.0004174496626324,7.183646202087402,n1-standard-2
4,15.0,5,creditcard,naive_bayes,0.0005693611590067,1.9595603942871087,n1-standard-4
4,16.0,3,creditcard,naive_bayes,0.0008219025978684,6.684852361679077,e2-standard-4
2,2.0,5,santander,linear_regression,0.0067916364810208,89.78697562217712,e2-highcpu-2
4,3.6,5,creditcard,naive_bayes,0.0009443833054436,4.353111267089844,n1-highcpu-4
2,1.8,4,buzz,logistic_regression,0.0145412952377266,167.56934332847595,n1-highcpu-2
2,13.0,3,santander,xgboost,0.0131834937330683,121.41360306739809,n1-highmem-2
4,15.0,5,buzz,linear_regression,0.0653543362361854,224.9288818836212,n1-standard-4
4,16.0,5,buzz,polynomial_features,0.0087400046712756,42.65150713920593,e2-standard-4
2,16.0,3,buzz,naive_bayes,0.0006958589434297,8.391088008880615,e2-highmem-2
4,3.6,4,santander,naive_bayes,0.0030870199530919,17.786926746368408,n1-highcpu-4
4,4.0,2,buzz,quantile_transformer,0.0021487315132697,35.508397817611694,e2-highcpu-4
4,16.0,5,santander,logistic_regression,0.0175571508695085,85.67946743965149,e2-standard-4
2,13.0,3,buzz,standard_scaler,0.0010495862407485,9.666181802749634,n1-highmem-2
2,1.8,5,creditcard,poisson_regression,0.0055213128533959,50.900707483291626,n1-highcpu-2
2,8.0,3,santander,xgboost,0.0073918832001209,120.24210166931152,e2-standard-2
2,16.0,3,santander,logistic_regression,0.0219464707850941,264.6438183784485,e2-highmem-2
4,15.0,3,buzz,quantile_transformer,0.0043398734198411,24.8941113948822,n1-standard-4
4,16.0,3,santander,xgboost,0.0097171246733784,79.03314089775085,e2-standard-4
4,4.0,2,creditcard,poisson_regression,0.0065806591269985,108.74725890159608,e2-highcpu-4
2,7.5,3,creditcard,spectral_clustering,0.0092578324087858,106.2084023952484,n1-standard-2
2,8.0,2,creditcard,spectral_clustering,0.0050770384371121,123.88056373596191,e2-standard-2
2,8.0,3,buzz,poisson_regression,0.0051269706690967,83.39927887916565,e2-standard-2
2,8.0,4,santander,logistic_regression,0.0154171823204119,188.09087824821472,e2-standard-2
2,7.5,3,buzz,quantile_transformer,0.0020302896832625,23.29204225540161,n1-standard-2
4,26.0,3,creditcard,xgboost,0.0026575126111507,12.237203121185305,n1-highmem-4
2,13.0,4,santander,linear_regression,0.0200252128954993,138.31689643859863,n1-highmem-2
2,13.0,4,buzz,quantile_transformer,0.0041445374762747,28.62688970565796,n1-highmem-2
2,16.0,5,santander,kmeans,0.011291148723332,81.69330024719238,e2-highmem-2
4,4.0,5,santander,xgboost,0.0085258969799081,56.35714650154114,e2-highcpu-4
4,4.0,3,buzz,naive_bayes,0.0004376950632667,4.822023391723633,e2-highcpu-4
2,13.0,2,santander,linear_regression,0.0212565936998128,293.64442563056946,n1-highmem-2
2,7.5,2,creditcard,standard_scaler,0.0005301191481219,9.122509241104126,n1-standard-2
4,26.0,2,santander,kmeans,0.0188420131735801,130.14437341690063,n1-highmem-4
4,4.0,3,buzz,poisson_regression,0.0054422900529217,59.95692467689514,e2-highcpu-4
2,2.0,3,creditcard,spectral_clustering,0.0042336837862527,93.28376746177672,e2-highcpu-2
4,3.6,5,creditcard,kmeans,0.0041738160118129,19.23910069465637,n1-highcpu-4
2,2.0,2,santander,logistic_regression,0.0156642914068222,517.7137184143066,e2-highcpu-2
4,16.0,4,creditcard,spectral_clustering,0.010614153461345,64.74676775932312,e2-standard-4
4,3.6,4,santander,standard_scaler,0.0045835334240595,26.409603595733643,n1-highcpu-4
2,2.0,5,creditcard,xgboost,0.00202613124607,26.7859148979187,e2-highcpu-2
4,4.0,2,creditcard,xgboost,0.0011389795089403,18.82195949554444,e2-highcpu-4
2,8.0,3,buzz,kmeans,0.0019194088649511,31.2225923538208,e2-standard-2
4,16.0,3,buzz,naive_bayes,0.000880032832241,7.157648086547852,e2-standard-4
4,15.0,5,santander,xgboost,0.0171349260726239,58.97297692298889,n1-standard-4
2,13.0,2,santander,standard_scaler,0.0021707766447199,29.98770499229431,n1-highmem-2
4,15.0,2,buzz,standard_scaler,0.0009118559696409,7.845797061920166,n1-standard-4
2,2.0,5,santander,logistic_regression,0.0108296064575354,143.16985511779785,e2-highcpu-2
4,16.0,5,creditcard,quantile_transformer,0.0025781177204847,12.581298351287842,e2-standard-4
4,32.0,3,santander,kmeans,0.0141576662584304,85.3608512878418,e2-highmem-4
4,26.0,5,santander,polynomial_features,0.1655435145278109,457.3727185726166,n1-highmem-4
2,2.0,4,buzz,poisson_regression,0.0040142812394014,66.33713626861572,e2-highcpu-2
2,8.0,3,creditcard,polynomial_features,0.0025588938850164,41.62495136260986,e2-standard-2
4,32.0,5,santander,polynomial_features,0.1297838247133731,469.5035562515259,e2-highmem-4
4,3.6,3,creditcard,naive_bayes,0.0004826230793793,3.7077317237854,n1-highcpu-4
4,32.0,5,santander,logistic_regression,0.0282904266897969,102.34292268753052,e2-highmem-4
2,7.5,5,creditcard,standard_scaler,0.0011121657401323,7.655442953109741,n1-standard-2
2,2.0,4,creditcard,linear_regression,0.0054348236975113,89.81200337409973,e2-highcpu-2
4,15.0,5,creditcard,standard_scaler,0.001199253178305,4.127448797225952,n1-standard-4
4,26.0,2,creditcard,linear_regression,0.0155716984039412,107.55586004257202,n1-highmem-4
4,32.0,5,creditcard,naive_bayes,0.0007542106213993,2.7284183502197266,e2-highmem-4
4,15.0,4,creditcard,kmeans,0.0033978089423709,14.617724895477297,n1-standard-4
4,4.0,3,buzz,kmeans,0.0027245946099543,30.01646590232849,e2-highcpu-4
4,4.0,5,santander,standard_scaler,0.0038910968603173,25.72059178352356,e2-highcpu-4
4,32.0,4,santander,standard_scaler,0.0024289004667144,10.983431577682495,e2-highmem-4
2,8.0,5,creditcard,xgboost,0.0015041060504515,14.68017292022705,e2-standard-2
2,16.0,3,creditcard,polynomial_features,0.003174294195191,38.27755928039551,e2-highmem-2
4,16.0,5,santander,naive_bayes,0.0035684699925382,17.414249658584595,e2-standard-4
4,3.6,2,buzz,standard_scaler,0.0005490558810763,6.3271484375,n1-highcpu-4
4,15.0,4,buzz,xgboost,0.0068166371757719,29.32587695121765,n1-standard-4
2,13.0,5,creditcard,xgboost,0.0028648400126232,15.83027482032776,n1-highmem-2
4,16.0,2,santander,naive_bayes,0.0006832900575558,8.336194276809692,e2-standard-4
4,4.0,2,creditcard,polynomial_features,0.0015926818723026,26.319519758224487,e2-highcpu-4
2,7.5,5,santander,logistic_regression,0.0198023933190769,136.3071050643921,n1-standard-2
2,7.5,4,santander,logistic_regression,0.020655431473573,177.72359776496887,n1-standard-2
2,13.0,2,creditcard,logistic_regression,0.005694666863203,78.6676926612854,n1-highmem-2
4,15.0,4,buzz,standard_scaler,0.0015009846136305,6.457390785217285,n1-standard-4
4,32.0,5,buzz,kmeans,0.0078801893288228,28.507226705551147,e2-highmem-4
2,1.8,2,creditcard,logistic_regression,0.0040205631638235,92.66342759132384,n1-highcpu-2
4,26.0,3,buzz,poisson_regression,0.0138432373652458,63.74476146697998,n1-highmem-4
2,16.0,4,santander,linear_regression,0.0129157062182686,116.8090479373932,e2-highmem-2
2,16.0,2,creditcard,linear_regression,0.0062319792397904,112.72346234321594,e2-highmem-2
2,7.5,3,santander,xgboost,0.010375907678763,119.03526973724364,n1-standard-2
2,1.8,3,buzz,quantile_transformer,0.0018419197623332,28.300943851470947,n1-highcpu-2
4,3.6,3,creditcard,xgboost,0.0017712729055881,13.607730388641356,n1-highcpu-4
4,32.0,4,creditcard,kmeans,0.0029399711329905,13.29448127746582,e2-highmem-4
4,15.0,2,santander,kmeans,0.0166446312097443,143.21384406089783,n1-standard-4
2,16.0,4,santander,naive_bayes,0.0022668257750172,20.50106716156006,e2-highmem-2
4,4.0,3,santander,quantile_transformer,0.0054257480839943,59.77468419075012,e2-highcpu-4
2,13.0,4,santander,kmeans,0.0138391456356578,95.58888006210329,n1-highmem-2
2,2.0,2,creditcard,xgboost,0.0009708964809807,32.08867955207825,e2-highcpu-2
2,2.0,3,creditcard,poisson_regression,0.0032291679447484,71.15055513381958,e2-highcpu-2
2,16.0,3,buzz,quantile_transformer,0.0022563459606548,27.2083842754364,e2-highmem-2
4,32.0,4,santander,kmeans,0.0175883451507133,79.53408885002136,e2-highmem-4
4,26.0,3,creditcard,quantile_transformer,0.0027148614770571,12.501280784606934,n1-highmem-4
4,15.0,3,creditcard,spectral_clustering,0.0127382168592611,73.06816554069519,n1-standard-4
2,1.8,2,creditcard,spectral_clustering,0.0055142766819,127.08960342407228,n1-highcpu-2
2,8.0,4,creditcard,xgboost,0.0012553478802204,15.315346240997314,e2-standard-2
4,26.0,2,creditcard,naive_bayes,0.0011896655107074,8.217183113098145,n1-highmem-4
2,13.0,3,creditcard,poisson_regression,0.0081044996075828,74.63852286338806,n1-highmem-2
2,7.5,2,santander,naive_bayes,0.0008459886542956,14.558122158050535,n1-standard-2
2,7.5,3,creditcard,naive_bayes,0.000458905700167,5.264692544937134,n1-standard-2
4,3.6,3,creditcard,kmeans,0.0018819355078935,14.45789122581482,n1-highcpu-4
2,2.0,3,buzz,logistic_regression,0.0096742425604617,213.15947031974792,e2-highcpu-2
2,1.8,2,creditcard,polynomial_features,0.0034630057665374,79.81319308280945,n1-highcpu-2
4,4.0,2,creditcard,spectral_clustering,0.0059734892362038,98.71360421180724,e2-highcpu-4
2,7.5,5,santander,logistic_regression,0.0196808532626099,135.47050046920776,n1-standard-2
2,7.5,5,buzz,kmeans,0.0057348157063457,39.47483086585999,n1-standard-2
2,16.0,2,buzz,polynomial_features,0.004063255976839,73.4957971572876,e2-highmem-2
4,32.0,4,creditcard,logistic_regression,0.0074714938293446,33.785921812057495,e2-highmem-4
2,1.8,3,santander,standard_scaler,0.001906536605815,29.293776273727417,n1-highcpu-2
2,1.8,2,creditcard,poisson_regression,0.0057358764973746,132.19689750671387,n1-highcpu-2
2,8.0,2,buzz,logistic_regression,0.0120575359650174,294.2058389186859,e2-standard-2
2,1.8,2,creditcard,linear_regression,0.0057201606063975,131.83468747138977,n1-highcpu-2
2,2.0,4,santander,linear_regression,0.0071573079238526,118.27654385566711,e2-highcpu-2
2,2.0,4,creditcard,standard_scaler,0.0005112941850582,8.449281454086304,e2-highcpu-2
2,8.0,3,buzz,standard_scaler,0.000479279517132,7.796332120895386,e2-standard-2
4,15.0,3,creditcard,polynomial_features,0.0041042573833465,23.542585372924805,n1-standard-4
4,4.0,2,buzz,logistic_regression,0.0175722863128153,290.3870162963867,e2-highcpu-4
4,4.0,3,creditcard,poisson_regression,0.0064694910472202,71.27344989776611,e2-highcpu-4
2,7.5,2,buzz,polynomial_features,0.0086261505819956,148.44236183166504,n1-standard-2
4,16.0,4,buzz,kmeans,0.0053476602465311,32.62094497680664,e2-standard-4
2,7.5,4,buzz,naive_bayes,0.0008770024428367,7.545910120010376,n1-standard-2
4,4.0,4,buzz,linear_regression,0.0341619569220574,282.26801466941833,e2-highcpu-4
2,8.0,2,santander,quantile_transformer,0.0045219156663576,110.33547782897948,e2-standard-2
4,3.6,4,buzz,quantile_transformer,0.0035262540401352,20.31772494316101,n1-highcpu-4
2,1.8,4,creditcard,xgboost,0.0015891073591179,18.312376737594604,n1-highcpu-2
4,15.0,4,santander,kmeans,0.0177955913062625,76.55847120285034,n1-standard-4
4,15.0,2,creditcard,xgboost,0.0021498377565277,18.497648000717163,n1-standard-4
2,8.0,3,creditcard,linear_regression,0.0046291457642853,75.30127310752869,e2-standard-2
2,7.5,3,creditcard,polynomial_features,0.0034385068538983,39.44749736785889,n1-standard-2
2,1.8,5,santander,kmeans,0.0107160889658663,98.79108905792236,n1-highcpu-2
2,2.0,4,santander,poisson_regression,0.0272021709924602,449.5235924720764,e2-highcpu-2
4,16.0,2,buzz,logistic_regression,0.0275007562836567,335.5114634037018,e2-standard-4
2,13.0,5,santander,kmeans,0.0177611699019206,98.14307236671448,n1-highmem-2
2,2.0,5,creditcard,logistic_regression,0.0032322654250323,42.73128247261048,e2-highcpu-2
2,7.5,3,creditcard,quantile_transformer,0.001237671467781,14.198907852172852,n1-standard-2
2,7.5,3,santander,linear_regression,0.0169422738604148,194.36643052101127,n1-standard-2
2,16.0,2,buzz,poisson_regression,0.0072004974571164,130.24193000793457,e2-highmem-2
2,16.0,2,creditcard,polynomial_features,0.001999728755486,36.17090821266174,e2-highmem-2
4,32.0,2,buzz,kmeans,0.0041583487288898,37.60791301727295,e2-highmem-4
4,15.0,4,creditcard,quantile_transformer,0.0019523076336118,8.399029016494751,n1-standard-4
4,26.0,4,buzz,standard_scaler,0.0018781035357051,6.486159563064575,n1-highmem-4
4,26.0,5,santander,standard_scaler,0.0081265885702106,22.452585458755493,n1-highmem-4
2,13.0,4,creditcard,xgboost,0.0021526131657494,14.86839485168457,n1-highmem-2
4,4.0,5,buzz,standard_scaler,0.0009203089162031,6.083346366882324,e2-highcpu-4
2,2.0,3,creditcard,standard_scaler,0.0004735157433354,10.433309316635132,e2-highcpu-2
2,1.8,2,buzz,xgboost,0.003010415046109,69.38216495513916,n1-highcpu-2
2,1.8,3,santander,naive_bayes,0.0014762159719665,22.68193554878235,n1-highcpu-2
2,2.0,2,creditcard,naive_bayes,0.0001943901368387,6.424704313278198,e2-highcpu-2
4,26.0,4,creditcard,linear_regression,0.015602904141532,53.8857011795044,n1-highmem-4
2,8.0,5,creditcard,logistic_regression,0.0034216972447931,33.39598774909973,e2-standard-2
2,2.0,3,creditcard,xgboost,0.0011377521288025,25.06890225410461,e2-highcpu-2
2,13.0,5,buzz,kmeans,0.0051847992576162,28.649696588516235,n1-highmem-2
2,13.0,3,santander,linear_regression,0.0219290365449587,201.95582389831543,n1-highmem-2
2,8.0,5,buzz,polynomial_features,0.0057217158127923,55.84431862831116,e2-standard-2
2,2.0,2,buzz,xgboost,0.0020906691818475,69.09780263900757,e2-highcpu-2
2,7.5,5,creditcard,quantile_transformer,0.0015721101115147,10.821408033370972,n1-standard-2
2,7.5,3,santander,naive_bayes,0.001311608797868,15.047137260437012,n1-standard-2
4,16.0,5,creditcard,standard_scaler,0.0010778371878862,5.259880542755127,e2-standard-4
4,3.6,5,creditcard,polynomial_features,0.0062917426264948,29.00163054466248,n1-highcpu-4
2,13.0,4,creditcard,logistic_regression,0.0050239106052451,34.70084071159363,n1-highmem-2
4,15.0,4,santander,logistic_regression,0.0265020065525902,114.01436853408812,n1-standard-4
2,7.5,5,santander,naive_bayes,0.002790494127406,19.207990169525143,n1-standard-2
2,7.5,4,creditcard,linear_regression,0.0071733814495934,61.7212553024292,n1-standard-2
4,26.0,5,buzz,kmeans,0.0110758565334479,30.600985050201416,n1-highmem-4
4,3.6,4,creditcard,linear_regression,0.0078821061549716,45.41546440124512,n1-highcpu-4
4,3.6,3,creditcard,linear_regression,0.0081123956570625,62.32314205169678,n1-highcpu-4
4,16.0,3,santander,kmeans,0.0114061663270354,92.77077126502992,e2-standard-4
2,13.0,2,buzz,xgboost,0.0046347653234932,64.02592158317566,n1-highmem-2
4,3.6,2,creditcard,quantile_transformer,0.0011944109418127,13.764018535614014,n1-highcpu-4
2,16.0,3,santander,xgboost,0.0099739738328055,120.27220892906188,e2-highmem-2
4,32.0,4,santander,xgboost,0.0149116153667344,67.42997884750366,e2-highmem-4
4,32.0,4,creditcard,poisson_regression,0.0106100054934893,47.97819876670837,e2-highmem-4
4,32.0,3,creditcard,linear_regression,0.0112261645512906,67.68594098091125,e2-highmem-4
2,7.5,3,santander,quantile_transformer,0.0069638727778196,79.89146590232849,n1-standard-2
4,16.0,5,santander,logistic_regression,0.0196439797990123,95.86326050758362,e2-standard-4
4,3.6,5,santander,xgboost,0.013303292764359,61.32119584083557,n1-highcpu-4
4,4.0,3,creditcard,kmeans,0.0012087689115166,13.316832780838013,e2-highcpu-4
2,16.0,2,creditcard,standard_scaler,0.0004378971009299,7.920642137527466,e2-highmem-2
2,8.0,4,buzz,naive_bayes,0.0003301396209001,4.027730226516724,e2-standard-2
4,16.0,2,buzz,poisson_regression,0.0097188273517608,118.57048416137695,e2-standard-4
2,16.0,2,santander,quantile_transformer,0.0060424693331538,109.2956247329712,e2-highmem-2
4,4.0,4,creditcard,spectral_clustering,0.0081145164051882,67.0473427772522,e2-highcpu-4
2,8.0,3,creditcard,poisson_regression,0.0044486604487001,72.36535906791687,e2-standard-2
2,13.0,5,buzz,quantile_transformer,0.0043086230555839,23.80820107460022,n1-highmem-2
4,16.0,4,santander,logistic_regression,0.019905592680486,121.42492485046388,e2-standard-4
4,16.0,2,buzz,xgboost,0.0029578080133597,36.085498332977295,e2-standard-4
4,32.0,3,santander,poisson_regression,0.0784446178011393,472.9663231372833,e2-highmem-4
4,16.0,3,santander,kmeans,0.0123617824553251,100.54316759109496,e2-standard-4
2,7.5,2,santander,quantile_transformer,0.0051446178967952,88.53070950508118,n1-standard-2
4,4.0,5,creditcard,linear_regression,0.0063367509650309,41.886642932891846,e2-highcpu-4
2,2.0,2,santander,standard_scaler,0.0005212132231839,17.22639274597168,e2-highcpu-2
2,8.0,5,creditcard,poisson_regression,0.0048778601791361,47.60823273658752,e2-standard-2
4,32.0,3,buzz,xgboost,0.0051044439250071,30.77623605728149,e2-highmem-4
4,15.0,2,creditcard,spectral_clustering,0.0106644546808136,91.75917029380798,n1-standard-4
2,13.0,3,santander,logistic_regression,0.0259754930556019,239.2217319011688,n1-highmem-2
4,16.0,5,buzz,kmeans,0.0052032852750619,25.39220142364502,e2-standard-4
2,13.0,4,creditcard,quantile_transformer,0.0017229418981605,11.900596380233765,n1-highmem-2
2,7.5,5,creditcard,linear_regression,0.0086689396214485,59.67147731781006,n1-standard-2
4,32.0,2,buzz,xgboost,0.0041129016281482,37.19689154624939,e2-highmem-4
2,13.0,4,santander,standard_scaler,0.0032183281957838,22.229434967041016,n1-highmem-2
2,1.8,3,buzz,linear_regression,0.0322808964035113,495.99328660964966,n1-highcpu-2
4,3.6,5,creditcard,quantile_transformer,0.0020389570087856,9.398521423339844,n1-highcpu-4
4,3.6,4,creditcard,logistic_regression,0.0047736305962668,27.504913806915283,n1-highcpu-4
2,1.8,4,santander,poisson_regression,0.048559595539146,559.5856080055237,n1-highcpu-2
4,32.0,2,creditcard,spectral_clustering,0.0117023574242904,105.83557772636414,e2-highmem-4
2,8.0,2,buzz,poisson_regression,0.0046942558172543,114.54060554504396,e2-standard-2
4,16.0,3,buzz,quantile_transformer,0.0030749489247798,25.00975131988525,e2-standard-4
4,32.0,5,creditcard,poisson_regression,0.0098754041494753,35.72507882118225,e2-highmem-4
4,16.0,2,buzz,naive_bayes,0.0005035147555828,6.142920970916748,e2-standard-4
2,13.0,4,buzz,linear_regression,0.0861019689020315,594.71812748909,n1-highmem-2
2,2.0,2,santander,naive_bayes,0.0004604327862747,15.217564821243286,e2-highcpu-2
2,16.0,4,creditcard,kmeans,0.0019263301887014,17.421640872955322,e2-highmem-2
4,16.0,3,buzz,kmeans,0.0039062621148228,31.771143674850464,e2-standard-4
4,26.0,5,santander,poisson_regression,0.1599184219619962,441.8314037322998,n1-highmem-4
2,8.0,2,creditcard,kmeans,0.0007535867206811,18.38763856887817,e2-standard-2
2,13.0,4,buzz,poisson_regression,0.014117970704582,97.51476311683656,n1-highmem-2
4,26.0,4,santander,logistic_regression,0.0351507185086674,121.39542078971864,n1-highmem-4
4,32.0,3,santander,xgboost,0.0118357820250916,71.36150908470154,e2-highmem-4
2,7.5,3,santander,logistic_regression,0.0212982052340904,244.33887457847595,n1-standard-2
4,26.0,2,buzz,polynomial_features,0.0072111793813175,49.80860662460327,n1-highmem-4
2,7.5,2,santander,standard_scaler,0.0012876546096536,22.15849232673645,n1-standard-2
2,7.5,4,creditcard,spectral_clustering,0.0086616374933984,74.52651762962341,n1-standard-2
2,8.0,5,buzz,kmeans,0.0036006573853989,35.14265036582947,e2-standard-2
2,16.0,3,santander,kmeans,0.0095951276212573,115.70385217666626,e2-highmem-2
4,16.0,3,santander,standard_scaler,0.0016994692799448,13.822442293167114,e2-standard-4
4,26.0,3,creditcard,standard_scaler,0.0018265859885215,8.41098690032959,n1-highmem-4
4,26.0,4,santander,quantile_transformer,0.020193007428858,69.73793816566467,n1-highmem-4
2,8.0,3,creditcard,kmeans,0.0011096332886338,18.05015516281128,e2-standard-2
2,8.0,4,buzz,polynomial_features,0.0056568497170766,69.0140266418457,e2-standard-2
4,26.0,5,santander,logistic_regression,0.0318137431852685,87.89675784111023,n1-highmem-4
2,1.8,5,creditcard,quantile_transformer,0.001067320209576,9.839571714401243,n1-highcpu-2
4,4.0,4,buzz,logistic_regression,0.0160481204067548,132.59987115859985,e2-highcpu-4
4,26.0,5,creditcard,logistic_regression,0.0090428196430868,24.98399901390076,n1-highmem-4
4,16.0,5,buzz,linear_regression,0.0457876211318175,223.4450807571411,e2-standard-4
4,4.0,3,buzz,logistic_regression,0.0140755173679685,155.06794500350952,e2-highcpu-4
4,3.6,3,creditcard,quantile_transformer,0.001067287628889,8.199392795562744,n1-highcpu-4
4,26.0,4,creditcard,polynomial_features,0.008716184073925,30.10194039344788,n1-highmem-4
2,8.0,2,buzz,polynomial_features,0.0026404488915284,64.42738246917725,e2-standard-2
4,4.0,3,creditcard,linear_regression,0.0069841896107983,76.94380974769592,e2-highcpu-4
4,15.0,2,buzz,quantile_transformer,0.0044539059097501,38.32232618331909,n1-standard-4
2,8.0,3,santander,xgboost,0.0075722848841071,123.176655292511,e2-standard-2
2,7.5,3,santander,standard_scaler,0.0020580368498961,23.610365390777588,n1-standard-2
4,16.0,4,creditcard,logistic_regression,0.0048784418530782,29.75869369506836,e2-standard-4
2,13.0,5,santander,naive_bayes,0.0037042726279298,20.46873593330384,n1-highmem-2
4,4.0,4,buzz,standard_scaler,0.0007947135210323,6.566433191299439,e2-highcpu-4
2,2.0,5,buzz,quantile_transformer,0.0016714660547037,22.097160577774048,e2-highcpu-2
2,13.0,5,buzz,linear_regression,0.0459225301591555,253.75457954406733,n1-highmem-2
2,16.0,4,buzz,standard_scaler,0.000688878613215,6.230186223983765,e2-highmem-2
4,15.0,4,buzz,naive_bayes,0.0013246326405207,5.698706388473511,n1-standard-4
2,7.5,4,creditcard,polynomial_features,0.0040410319783952,34.76987361907959,n1-standard-2
2,16.0,2,creditcard,poisson_regression,0.0068760855325004,124.3739972114563,e2-highmem-2
2,8.0,3,buzz,logistic_regression,0.0121698147234678,197.9636392593384,e2-standard-2
2,7.5,2,creditcard,polynomial_features,0.0022658214966191,38.99119210243225,n1-standard-2
4,3.6,4,buzz,xgboost,0.004930635266304,28.409550189971924,n1-highcpu-4
2,8.0,4,creditcard,standard_scaler,0.0005472925705432,6.677013874053955,e2-standard-2
4,4.0,2,creditcard,quantile_transformer,0.000827682370696,13.677685976028442,e2-highcpu-4
4,32.0,4,creditcard,xgboost,0.0031715385536723,14.341623783111572,e2-highmem-4
2,16.0,4,creditcard,linear_regression,0.007216965585246,65.2699019908905,e2-highmem-2
2,8.0,2,creditcard,xgboost,0.0011673225590586,28.482860326766968,e2-standard-2
4,26.0,3,santander,poisson_regression,0.098278177591602,452.5472490787506,n1-highmem-4
4,15.0,5,creditcard,kmeans,0.0044361151123046,15.2677001953125,n1-standard-4
2,16.0,5,buzz,standard_scaler,0.0009803488311853,7.0929834842681885,e2-highmem-2
4,3.6,5,santander,standard_scaler,0.0042795121257172,19.72630429267884,n1-highcpu-4
2,13.0,5,creditcard,standard_scaler,0.0015976884601513,8.828362941741943,n1-highmem-2
4,3.6,2,creditcard,naive_bayes,0.0004730400436719,5.451165676116943,n1-highcpu-4
4,3.6,3,santander,naive_bayes,0.002440488977313,18.7489550113678,n1-highcpu-4
4,3.6,3,buzz,linear_regression,0.0589771970821221,453.0898623466492,n1-highcpu-4
2,13.0,5,creditcard,spectral_clustering,0.0143074087926414,79.05859041213989,n1-highmem-2
2,7.5,5,buzz,xgboost,0.0079824606056345,54.94619154930115,n1-standard-2
2,13.0,3,creditcard,standard_scaler,0.000687330420653,6.329980850219727,n1-highmem-2
4,26.0,5,buzz,linear_regression,0.1705429989329974,471.1855688095093,n1-highmem-4
2,1.8,3,creditcard,naive_bayes,0.0004927329973975,7.570801496505737,n1-highcpu-2
2,2.0,4,santander,naive_bayes,0.001128844361248,18.65447330474853,e2-highcpu-2
2,16.0,4,creditcard,logistic_regression,0.0047469890299171,42.93154859542847,e2-highmem-2
4,15.0,2,creditcard,logistic_regression,0.0085889780717425,73.9013409614563,n1-standard-4
4,16.0,5,santander,quantile_transformer,0.0117606223214467,57.39221954345703,e2-standard-4
4,16.0,2,creditcard,linear_regression,0.0098339427935997,119.97490191459656,e2-standard-4
4,4.0,3,santander,linear_regression,0.0094676734434008,104.30399298667908,e2-highcpu-4
2,2.0,4,creditcard,naive_bayes,0.0004412168311643,7.29123330116272,e2-highcpu-2
2,7.5,5,creditcard,spectral_clustering,0.0105836502762635,72.85113000869751,n1-standard-2
4,32.0,2,creditcard,logistic_regression,0.0090815684021647,82.13328337669373,e2-highmem-4
2,1.8,5,buzz,naive_bayes,0.0005231487212247,4.8228819370269775,n1-highcpu-2
4,15.0,3,santander,logistic_regression,0.0293487712543805,168.34859228134155,n1-standard-4
2,1.8,2,santander,quantile_transformer,0.0046656214760012,107.53032851219176,n1-highcpu-2
4,15.0,5,buzz,kmeans,0.0078036881975332,26.857817888259888,n1-standard-4
2,13.0,3,santander,quantile_transformer,0.0093197949164509,85.83080506324768,n1-highmem-2
4,32.0,4,creditcard,linear_regression,0.0107359680738258,48.54779863357544,e2-highmem-4
4,32.0,5,buzz,xgboost,0.0065454672852542,23.67876100540161,e2-highmem-4
2,13.0,4,santander,naive_bayes,0.0020902141859796,14.43739652633667,n1-highmem-2
4,26.0,3,santander,naive_bayes,0.0048805326242446,22.47367286682129,n1-highmem-4
4,26.0,2,santander,logistic_regression,0.0423864103325472,292.7687590122223,n1-highmem-4
4,26.0,3,buzz,kmeans,0.0073871114135185,34.015862226486206,n1-highmem-4
4,4.0,4,creditcard,linear_regression,0.0057653453391615,47.63698363304138,e2-highcpu-4
2,13.0,2,creditcard,quantile_transformer,0.0012365509362618,17.082054376602173,n1-highmem-2
4,4.0,4,santander,naive_bayes,0.0021824502179718,18.032804489135746,e2-highcpu-4
2,1.8,3,buzz,logistic_regression,0.0153332104557752,235.5935025215149,n1-highcpu-2
2,2.0,3,santander,quantile_transformer,0.0038480609896302,84.7870659828186,e2-highcpu-2
4,32.0,3,buzz,standard_scaler,0.0013463723860645,8.11768627166748,e2-highmem-4
2,7.5,3,buzz,poisson_regression,0.0075211309305826,86.28448486328125,n1-standard-2
4,26.0,5,buzz,poisson_regression,0.024654110415048,68.11573100090027,n1-highmem-4
2,1.8,5,buzz,standard_scaler,0.0008088165618975,7.45643949508667,n1-highcpu-2
2,7.5,3,buzz,kmeans,0.0028531059877872,32.73161745071411,n1-standard-2
4,16.0,4,creditcard,polynomial_features,0.0041258106568813,25.1676127910614,e2-standard-4
4,32.0,4,santander,naive_bayes,0.0015212198307726,6.878920793533325,e2-highmem-4
4,4.0,2,santander,quantile_transformer,0.0053097103107865,87.744469165802,e2-highcpu-4
2,7.5,4,buzz,standard_scaler,0.0010813527972433,9.304182767868042,n1-standard-2
4,32.0,3,santander,polynomial_features,0.0781180443864306,470.9973132610321,e2-highmem-4
2,16.0,4,santander,xgboost,0.0104793217318275,94.7744996547699,e2-highmem-2
2,16.0,3,creditcard,naive_bayes,0.0006141871581121,7.406240224838257,e2-highmem-2
4,15.0,4,creditcard,spectral_clustering,0.0149279395710627,64.22153735160828,n1-standard-4
2,2.0,3,buzz,poisson_regression,0.0038817585003304,85.52954721450806,e2-highcpu-2
4,32.0,3,creditcard,quantile_transformer,0.002246947682205,13.547527074813845,e2-highmem-4
4,4.0,5,santander,quantile_transformer,0.0087770484264492,58.0172860622406,e2-highcpu-4
2,16.0,5,creditcard,poisson_regression,0.0093660217848539,67.76469326019287,e2-highmem-2
2,1.8,4,creditcard,kmeans,0.0016842897644837,19.40922904014588,n1-highcpu-2
4,26.0,4,buzz,logistic_regression,0.037162630162292,128.34369587898254,n1-highmem-4
2,16.0,3,buzz,polynomial_features,0.0065336989125661,78.78729319572449,e2-highmem-2
4,4.0,4,santander,standard_scaler,0.0029430795135148,24.31761193275452,e2-highcpu-4
4,16.0,3,creditcard,polynomial_features,0.0029039501235008,23.61895179748535,e2-standard-4
2,1.8,4,creditcard,linear_regression,0.0053103169265323,61.19443321228027,n1-highcpu-2
2,1.8,4,santander,quantile_transformer,0.0067597940440707,77.89775466918945,n1-highcpu-2
2,8.0,2,buzz,quantile_transformer,0.0012829391162792,31.3039231300354,e2-standard-2
2,8.0,3,santander,logistic_regression,0.0165423485785186,269.0906641483307,e2-standard-2
4,16.0,2,santander,linear_regression,0.0126932513486544,154.85869884490967,e2-standard-4
4,26.0,3,santander,logistic_regression,0.0353390140604575,162.7276165485382,n1-highmem-4
4,15.0,5,buzz,naive_bayes,0.0019721409564548,6.787483215332031,n1-standard-4
2,1.8,5,santander,standard_scaler,0.0033686525057752,31.055439233779907,n1-highcpu-2
4,15.0,4,creditcard,naive_bayes,0.0011142479802237,4.793609857559204,n1-standard-4
2,13.0,2,santander,xgboost,0.0138647945221132,191.53208088874817,n1-highmem-2
2,7.5,2,santander,linear_regression,0.0131873221741517,226.9328863620758,n1-standard-2
2,1.8,3,buzz,kmeans,0.003077378123184,47.28365874290466,n1-highcpu-2
4,32.0,4,buzz,quantile_transformer,0.0041106197418551,18.58812713623047,e2-highmem-4
4,32.0,5,creditcard,quantile_transformer,0.0023382664206729,8.458869218826294,e2-highmem-4
4,3.6,5,creditcard,logistic_regression,0.0056736237372954,26.152426958084103,n1-highcpu-4
2,8.0,5,santander,logistic_regression,0.0154657934584518,150.9471504688263,e2-standard-2
4,4.0,4,creditcard,kmeans,0.0015608538341522,12.89677619934082,e2-highcpu-4
2,2.0,3,buzz,xgboost,0.0020537994095087,45.25282382965088,e2-highcpu-2
2,16.0,4,buzz,quantile_transformer,0.0021212503452163,19.184489727020264,e2-highmem-2
2,1.8,4,creditcard,standard_scaler,0.0006420553028318,7.3988447189331055,n1-highcpu-2
4,32.0,3,buzz,quantile_transformer,0.0039968184694957,24.09802722930908,e2-highmem-4
2,16.0,5,buzz,quantile_transformer,0.0025489906149559,18.4423623085022,e2-highmem-2
4,3.6,2,santander,naive_bayes,0.0017599744881788,20.28139615058899,n1-highcpu-4
4,4.0,3,creditcard,logistic_regression,0.0037999857652926,41.86389517784119,e2-highcpu-4
4,32.0,2,creditcard,standard_scaler,0.0006140105247333,5.553082704544067,e2-highmem-4
4,16.0,3,buzz,standard_scaler,0.0008928667797088,7.262031555175781,e2-standard-4
2,1.8,5,buzz,kmeans,0.0040167032394806,37.02978658676148,n1-highcpu-2
4,4.0,5,creditcard,naive_bayes,0.0009396410848498,6.211134195327759,e2-highcpu-4
2,16.0,4,buzz,logistic_regression,0.0161131996039538,145.72702980041504,e2-highmem-2
2,7.5,2,creditcard,quantile_transformer,0.0010521810278892,18.10636568069458,n1-standard-2
4,4.0,3,santander,naive_bayes,0.0008739159459233,9.627805948257446,e2-highcpu-4
2,7.5,4,santander,standard_scaler,0.0031636748257742,27.22091150283813,n1-standard-2
2,7.5,5,buzz,naive_bayes,0.0009559201465712,6.579947471618652,n1-standard-2
4,16.0,5,creditcard,linear_regression,0.0092691050777037,45.23353433609009,e2-standard-4
4,15.0,5,buzz,logistic_regression,0.031789160548581,109.4082007408142,n1-standard-4
2,2.0,2,creditcard,spectral_clustering,0.0042094503676207,139.12472295761108,e2-highcpu-2
2,7.5,5,creditcard,poisson_regression,0.0070504557985067,48.5308620929718,n1-standard-2
2,16.0,2,buzz,naive_bayes,0.0003142935031615,5.684911727905273,e2-highmem-2
4,3.6,4,creditcard,naive_bayes,0.0007947486257553,4.579217433929443,n1-highcpu-4
4,3.6,3,buzz,quantile_transformer,0.0027428427693049,21.071775436401367,n1-highcpu-4
2,2.0,5,creditcard,spectral_clustering,0.0058069737059434,76.76951026916504,e2-highcpu-2
4,26.0,4,buzz,naive_bayes,0.001488185523192,5.139550924301148,n1-highmem-4
4,16.0,5,santander,standard_scaler,0.004509454704682,22.00628566741944,e2-standard-4
2,8.0,3,santander,standard_scaler,0.0012104588759779,19.69026231765747,e2-standard-2
4,4.0,3,creditcard,quantile_transformer,0.0010303009308648,11.350676774978638,e2-highcpu-4
4,4.0,5,creditcard,polynomial_features,0.0039809894372979,26.314791917800903,e2-highcpu-4
2,2.0,2,buzz,kmeans,0.0015868975761787,52.44786524772644,e2-highcpu-2
2,8.0,4,santander,xgboost,0.0083637168135801,102.03802537918092,e2-standard-2
2,16.0,4,santander,logistic_regression,0.0204020063549253,184.514799118042,e2-highmem-2
4,26.0,4,creditcard,naive_bayes,0.0024058995805316,8.308939456939697,n1-highmem-4
2,2.0,4,creditcard,spectral_clustering,0.0060361010065587,99.74828147888184,e2-highcpu-2
2,13.0,3,creditcard,kmeans,0.0016369070358673,15.075122356414797,n1-highmem-2
2,13.0,3,santander,standard_scaler,0.0029259698710441,26.94676780700684,n1-highmem-2
4,16.0,5,creditcard,polynomial_features,0.0049251796735922,24.03503704071045,e2-standard-4
4,4.0,3,creditcard,naive_bayes,0.000348007472248,3.833948135375977,e2-highcpu-4
4,15.0,2,creditcard,polynomial_features,0.00302364163208,26.016036987304688,n1-standard-4
4,15.0,4,creditcard,polynomial_features,0.0062530701918072,26.90135359764099,n1-standard-4
4,15.0,3,santander,standard_scaler,0.0038740430024464,22.222043991088867,n1-standard-4
4,32.0,4,buzz,naive_bayes,0.0010542117484781,4.767121076583862,e2-highmem-4
4,15.0,3,santander,xgboost,0.0128907105607191,73.94289040565491,n1-standard-4
4,15.0,2,buzz,xgboost,0.004140204383903,35.6231734752655,n1-standard-4
2,1.8,4,santander,logistic_regression,0.0171761958481205,197.93311476707456,n1-highcpu-2
2,13.0,5,santander,poisson_regression,0.0719749593893687,397.7127456665039,n1-highmem-2
4,26.0,4,santander,polynomial_features,0.1377031067659589,475.5671377182007,n1-highmem-4
4,32.0,5,buzz,logistic_regression,0.0302180009637806,109.31607961654665,e2-highmem-4
2,13.0,2,creditcard,spectral_clustering,0.0085039119325346,117.4753758907318,n1-highmem-2
4,32.0,3,buzz,logistic_regression,0.029151923414487,175.76576209068298,e2-highmem-4
2,8.0,2,creditcard,poisson_regression,0.0057274338192423,139.75031685829163,e2-standard-2
2,7.5,5,santander,kmeans,0.0135143348836236,93.02410244941711,n1-standard-2
4,16.0,4,creditcard,naive_bayes,0.0008592592081705,5.24151611328125,e2-standard-4
4,16.0,4,santander,standard_scaler,0.003506586937952,21.39032292366028,e2-standard-4
2,16.0,4,creditcard,poisson_regression,0.0069135805525265,62.52610182762146,e2-highmem-2
2,16.0,2,creditcard,xgboost,0.0014885978911097,26.92562055587769,e2-highmem-2
2,2.0,5,buzz,standard_scaler,0.0007577695155839,10.017884969711304,e2-highcpu-2
2,1.8,4,creditcard,polynomial_features,0.0029437490744855,33.922844648361206,n1-highcpu-2
4,15.0,3,buzz,kmeans,0.0049250921927293,28.251006841659542,n1-standard-4
2,16.0,3,creditcard,poisson_regression,0.0067314320154476,81.17167854309082,e2-highmem-2
4,15.0,5,creditcard,quantile_transformer,0.0023320241804917,8.026087045669556,n1-standard-4
2,2.0,4,creditcard,poisson_regression,0.0048328728116337,79.86459422111511,e2-highcpu-2
4,4.0,4,buzz,xgboost,0.0035186278092988,29.073161363601685,e2-highcpu-4
2,1.8,5,buzz,quantile_transformer,0.0018895018875267,17.41922354698181,n1-highcpu-2
2,8.0,4,santander,poisson_regression,0.0381434467538992,465.3531527519226,e2-standard-2
4,15.0,2,santander,standard_scaler,0.0022046458353996,18.9692280292511,n1-standard-4
4,15.0,3,buzz,linear_regression,0.0700724769941171,401.9453747272492,n1-standard-4
2,8.0,3,buzz,quantile_transformer,0.0015021317867815,24.434839963912964,e2-standard-2
4,4.0,5,buzz,naive_bayes,0.0008852348630189,5.851502895355225,e2-highcpu-4
2,1.8,3,creditcard,kmeans,0.0014559247263471,22.37016224861145,n1-highcpu-2
2,2.0,4,buzz,logistic_regression,0.0099282583244117,164.06728529930115,e2-highcpu-2
4,3.6,4,buzz,kmeans,0.0054165827447043,31.209503650665283,n1-highcpu-4
4,26.0,3,buzz,polynomial_features,0.0098736907784938,45.46595907211304,n1-highmem-4
2,1.8,4,creditcard,quantile_transformer,0.0009935695600774,11.44958519935608,n1-highcpu-2
2,8.0,5,creditcard,quantile_transformer,0.0009737515608867,9.503878593444824,e2-standard-2
2,16.0,3,buzz,xgboost,0.003741537768917,45.11772537231445,e2-highmem-2
2,8.0,5,creditcard,naive_bayes,0.000528590619117,5.15907883644104,e2-standard-2
4,3.6,5,creditcard,standard_scaler,0.00141142716825,6.505938291549683,n1-highcpu-4
2,2.0,3,creditcard,kmeans,0.0011162200436854,24.594470500946045,e2-highcpu-2
2,1.8,5,santander,linear_regression,0.0115601379536588,106.57233452796936,n1-highcpu-2
4,4.0,2,santander,linear_regression,0.0101911004054482,168.41082525253296,e2-highcpu-4
2,2.0,2,creditcard,logistic_regression,0.0028577691836086,94.45089292526244,e2-highcpu-2
4,16.0,3,buzz,xgboost,0.0033496220348954,27.24377417564392,e2-standard-4
2,16.0,4,creditcard,standard_scaler,0.0009968475328848,9.015442848205566,e2-highmem-2
2,7.5,2,santander,logistic_regression,0.0269284877509011,463.396538734436,n1-standard-2
2,1.8,2,buzz,logistic_regression,0.0159201548257933,366.91778087615967,n1-highcpu-2
4,32.0,5,creditcard,logistic_regression,0.0077036692416111,27.868650913238525,e2-highmem-4
4,26.0,5,santander,logistic_regression,0.0387714066953129,107.11977291107178,n1-highmem-4
4,15.0,2,santander,xgboost,0.0126775411612192,109.08018207550047,n1-standard-4
2,2.0,5,creditcard,polynomial_features,0.0031183227777342,41.22493481636048,e2-highcpu-2
4,26.0,2,santander,quantile_transformer,0.0134069832938247,92.60387539863586,n1-highmem-4
2,8.0,4,creditcard,linear_regression,0.0070715469340721,86.2734477519989,e2-standard-2
4,26.0,4,creditcard,quantile_transformer,0.0033447714765866,11.551398038864136,n1-highmem-4
2,13.0,5,buzz,standard_scaler,0.0016791257961922,9.278362035751345,n1-highmem-2
2,7.5,5,santander,xgboost,0.0117411747621165,80.81879377365112,n1-standard-2
4,15.0,3,santander,quantile_transformer,0.0116327258270581,66.72691679000854,n1-standard-4
2,2.0,4,creditcard,quantile_transformer,0.0009901061024173,16.36178421974182,e2-highcpu-2
2,2.0,5,creditcard,quantile_transformer,0.0008446629573543,11.166635990142822,e2-highcpu-2
2,2.0,3,santander,standard_scaler,0.0016969759069836,37.39067769050598,e2-highcpu-2
4,32.0,2,buzz,quantile_transformer,0.0040776924487463,36.8784613609314,e2-highmem-4
4,26.0,2,creditcard,spectral_clustering,0.0158012949677573,109.14171504974364,n1-highmem-4
2,16.0,2,santander,naive_bayes,0.0011606156932293,20.993108987808228,e2-highmem-2
2,2.0,5,buzz,logistic_regression,0.0098562577302714,130.30196404457092,e2-highcpu-2
2,2.0,5,buzz,xgboost,0.0028552195156117,37.74664998054504,e2-highcpu-2
2,1.8,3,creditcard,quantile_transformer,0.000956594007949,14.69798731803894,n1-highcpu-2
2,2.0,4,buzz,quantile_transformer,0.0014157975553671,23.396456241607662,e2-highcpu-2
2,16.0,5,creditcard,quantile_transformer,0.0016330115384393,11.815104484558104,e2-highmem-2
2,1.8,3,creditcard,polynomial_features,0.0031031555706262,47.67972707748413,n1-highcpu-2
4,16.0,3,creditcard,standard_scaler,0.0011896365718483,9.675775289535522,e2-standard-4
2,7.5,4,santander,quantile_transformer,0.0080612190141677,69.36039304733276,n1-standard-2
4,3.6,4,creditcard,quantile_transformer,0.0015834880052672,9.123810529708862,n1-highcpu-4
4,26.0,2,buzz,xgboost,0.004741224212461,32.748286962509155,n1-highmem-4
4,16.0,4,santander,linear_regression,0.0110231921234925,67.24192023277283,e2-standard-4
4,26.0,3,santander,kmeans,0.0203885376859903,93.88428711891174,n1-highmem-4
2,16.0,3,buzz,kmeans,0.0027333211716965,32.96003985404968,e2-highmem-2
4,4.0,3,creditcard,polynomial_features,0.0021533313691115,23.722941160202023,e2-highcpu-4
4,15.0,3,creditcard,kmeans,0.0023504923652807,13.482747793197632,n1-standard-4
2,1.8,2,buzz,standard_scaler,0.0004512109213537,10.399227380752563,n1-highcpu-2
2,13.0,2,buzz,poisson_regression,0.0112838213993973,155.87780904769895,n1-highmem-2
2,8.0,2,creditcard,quantile_transformer,0.0006133453330834,14.965725898742676,e2-standard-2
4,15.0,5,santander,logistic_regression,0.0267809165101581,92.17141437530518,n1-standard-4
4,3.6,3,buzz,poisson_regression,0.0091397313776413,70.21560597419739,n1-highcpu-4
2,8.0,2,santander,naive_bayes,0.0004112655843138,10.034947156906128,e2-standard-2
4,3.6,4,buzz,logistic_regression,0.0229310912529627,132.12536573410034,n1-highcpu-4
4,4.0,4,santander,poisson_regression,0.0559468657919947,462.2689142227173,e2-highcpu-4
2,13.0,2,santander,naive_bayes,0.0012854215099546,17.757165908813477,n1-highmem-2
2,7.5,3,buzz,standard_scaler,0.0007352046296199,8.434469938278198,n1-standard-2
2,13.0,5,santander,xgboost,0.0134571427502565,74.36026692390442,n1-highmem-2
2,7.5,5,buzz,logistic_regression,0.0273095130954186,187.9813520908356,n1-standard-2
2,13.0,3,creditcard,polynomial_features,0.0039693751804232,36.556026220321655,n1-highmem-2
4,4.0,2,creditcard,standard_scaler,0.0003145001304642,5.197203874588013,e2-highcpu-4
2,13.0,3,santander,naive_bayes,0.0023217024239699,21.38175678253174,n1-highmem-2
4,4.0,2,buzz,naive_bayes,0.0003185674166758,5.264416933059692,e2-highcpu-4
4,32.0,3,creditcard,spectral_clustering,0.0129699039109818,78.19947290420532,e2-highmem-4
4,32.0,5,santander,kmeans,0.0180700711478392,65.3699541091919,e2-highmem-4
2,7.5,2,creditcard,linear_regression,0.0078862700441943,135.71019196510315,n1-standard-2
2,13.0,5,creditcard,poisson_regression,0.0128992243407501,71.27737164497375,n1-highmem-2
4,32.0,3,buzz,kmeans,0.0050729447122057,30.586317777633667,e2-highmem-4
2,8.0,2,creditcard,logistic_regression,0.0035703653782924,87.11749601364136,e2-standard-2
4,32.0,4,santander,quantile_transformer,0.0100803846383211,45.58326554298401,e2-highmem-4
4,32.0,5,buzz,polynomial_features,0.0114843395454168,41.545533657073975,e2-highmem-4
4,15.0,5,santander,logistic_regression,0.0293402345417605,100.97977471351624,n1-standard-4
2,1.8,3,creditcard,poisson_regression,0.0054067160361607,83.0737419128418,n1-highcpu-2
2,7.5,3,santander,kmeans,0.0097817107872565,112.21847939491272,n1-standard-2
4,3.6,5,santander,linear_regression,0.0352913559732834,162.67462420463562,n1-highcpu-4
2,13.0,5,santander,standard_scaler,0.0048992455302675,27.07180953025818,n1-highmem-2
2,7.5,2,buzz,naive_bayes,0.0002818411001099,4.850038051605225,n1-standard-2
4,15.0,5,santander,kmeans,0.0233333628941906,80.3060290813446,n1-standard-4
4,16.0,2,santander,logistic_regression,0.0253967424920479,309.8423240184784,e2-standard-4
2,1.8,4,buzz,quantile_transformer,0.0018954330777062,21.842378616333008,n1-highcpu-2
4,32.0,5,santander,logistic_regression,0.0247517150506099,89.54134511947632,e2-highmem-4
2,8.0,2,santander,xgboost,0.0076345575061917,186.2844450473785,e2-standard-2
2,2.0,2,creditcard,standard_scaler,0.0002871747428544,9.491288185119627,e2-highcpu-2
2,8.0,5,santander,xgboost,0.0080229987725317,78.30499005317688,e2-standard-2
